results_df_name,model_name,metric_category,condition,metric,value
test_results,resnet_base224,positive_vs_negative,Cardiomegaly,TP,1080.0
test_results,resnet_base224,positive_vs_negative,Cardiomegaly,FP,4140.0
test_results,resnet_base224,positive_vs_negative,Cardiomegaly,FN,3680.0
test_results,resnet_base224,positive_vs_negative,Cardiomegaly,TN,30471.0
test_results,resnet_base224,positive_vs_negative,Cardiomegaly,TPR,0.226890756302521
test_results,resnet_base224,positive_vs_negative,Cardiomegaly,FPR,0.11961515125249199
test_results,resnet_base224,positive_vs_negative,Cardiomegaly,FNR,0.773109243697479
test_results,resnet_base224,positive_vs_negative,Cardiomegaly,TNR,0.880384848747508
test_results,resnet_base224,positive_vs_negative,Cardiomegaly,Precision,0.20704845814977973
test_results,resnet_base224,positive_vs_negative,Cardiomegaly,Recall,0.22705314009661837
test_results,resnet_base224,positive_vs_negative,Cardiomegaly,BER,0.4463621974749855
test_results,resnet_base224,positive_vs_negative,Cardiomegaly,F1 Score,0.21658986175115208
test_results,resnet_base224,positive_vs_negative,Consolidation,TP,827.0
test_results,resnet_base224,positive_vs_negative,Consolidation,FP,8970.0
test_results,resnet_base224,positive_vs_negative,Consolidation,FN,1422.0
test_results,resnet_base224,positive_vs_negative,Consolidation,TN,28152.0
test_results,resnet_base224,positive_vs_negative,Consolidation,TPR,0.36771898621609606
test_results,resnet_base224,positive_vs_negative,Consolidation,FPR,0.241635687732342
test_results,resnet_base224,positive_vs_negative,Consolidation,FNR,0.632281013783904
test_results,resnet_base224,positive_vs_negative,Consolidation,TNR,0.758364312267658
test_results,resnet_base224,positive_vs_negative,Consolidation,Precision,0.08450704225352113
test_results,resnet_base224,positive_vs_negative,Consolidation,Recall,0.368
test_results,resnet_base224,positive_vs_negative,Consolidation,BER,0.436958350758123
test_results,resnet_base224,positive_vs_negative,Consolidation,F1 Score,0.13745019920318724
test_results,resnet_base224,positive_vs_negative,Edema,TP,2979.0
test_results,resnet_base224,positive_vs_negative,Edema,FP,5211.0
test_results,resnet_base224,positive_vs_negative,Edema,FN,7334.0
test_results,resnet_base224,positive_vs_negative,Edema,TN,23847.0
test_results,resnet_base224,positive_vs_negative,Edema,TPR,0.28885872200135754
test_results,resnet_base224,positive_vs_negative,Edema,FPR,0.1793309931860417
test_results,resnet_base224,positive_vs_negative,Edema,FNR,0.7111412779986425
test_results,resnet_base224,positive_vs_negative,Edema,TNR,0.8206690068139583
test_results,resnet_base224,positive_vs_negative,Edema,Precision,0.36381394213160784
test_results,resnet_base224,positive_vs_negative,Edema,Recall,0.288927671126624
test_results,resnet_base224,positive_vs_negative,Edema,BER,0.4452361355923421
test_results,resnet_base224,positive_vs_negative,Edema,F1 Score,0.3220751148338287
test_results,resnet_base224,positive_vs_negative,Atelectasis,TP,785.0
test_results,resnet_base224,positive_vs_negative,Atelectasis,FP,3127.0
test_results,resnet_base224,positive_vs_negative,Atelectasis,FN,6025.0
test_results,resnet_base224,positive_vs_negative,Atelectasis,TN,29434.0
test_results,resnet_base224,positive_vs_negative,Atelectasis,TPR,0.11527165932452275
test_results,resnet_base224,positive_vs_negative,Atelectasis,FPR,0.09603513405607936
test_results,resnet_base224,positive_vs_negative,Atelectasis,FNR,0.8847283406754772
test_results,resnet_base224,positive_vs_negative,Atelectasis,TNR,0.9039648659439207
test_results,resnet_base224,positive_vs_negative,Atelectasis,Precision,0.20086889854331716
test_results,resnet_base224,positive_vs_negative,Atelectasis,Recall,0.11540155630597562
test_results,resnet_base224,positive_vs_negative,Atelectasis,BER,0.4903817373657783
test_results,resnet_base224,positive_vs_negative,Atelectasis,F1 Score,0.14658709436777323
test_results,resnet_base224,positive_vs_negative,Pleural Effusion,TP,8689.0
test_results,resnet_base224,positive_vs_negative,Pleural Effusion,FP,7836.0
test_results,resnet_base224,positive_vs_negative,Pleural Effusion,FN,6077.0
test_results,resnet_base224,positive_vs_negative,Pleural Effusion,TN,16769.0
test_results,resnet_base224,positive_vs_negative,Pleural Effusion,TPR,0.5884464309901124
test_results,resnet_base224,positive_vs_negative,Pleural Effusion,FPR,0.31847185531396055
test_results,resnet_base224,positive_vs_negative,Pleural Effusion,FNR,0.4115535690098876
test_results,resnet_base224,positive_vs_negative,Pleural Effusion,TNR,0.6815281446860394
test_results,resnet_base224,positive_vs_negative,Pleural Effusion,Precision,0.525838073338981
test_results,resnet_base224,positive_vs_negative,Pleural Effusion,Recall,0.5884743008058508
test_results,resnet_base224,positive_vs_negative,Pleural Effusion,BER,0.3650127121619241
test_results,resnet_base224,positive_vs_negative,Pleural Effusion,F1 Score,0.5553957754130316
test_results,resnet_base224,certain_vs_uncertain,Cardiomegaly,TPU,0.33825701624815363
test_results,resnet_base224,certain_vs_uncertain,Cardiomegaly,FPU,0.3328681449320308
test_results,resnet_base224,certain_vs_uncertain,Cardiomegaly,FNU,0.6617429837518465
test_results,resnet_base224,certain_vs_uncertain,Cardiomegaly,TNU,0.5126376182353853
test_results,resnet_base224,certain_vs_uncertain,Cardiomegaly,FPU_AP,0.0448906807256939
test_results,resnet_base224,certain_vs_uncertain,Cardiomegaly,FPU_AN,0.2879774642063369
test_results,resnet_base224,certain_vs_uncertain,Cardiomegaly,TNU_AP,0.02791130407815165
test_results,resnet_base224,certain_vs_uncertain,Cardiomegaly,TNU_AN,0.48472631415723366
test_results,resnet_base224,certain_vs_uncertain,Cardiomegaly,Precision,0.800811960310051
test_results,resnet_base224,certain_vs_uncertain,Cardiomegaly,Recall,0.6691285081240768
test_results,resnet_base224,certain_vs_uncertain,Cardiomegaly,F1 Score,0.7290718553534327
test_results,resnet_base224,certain_vs_uncertain,Consolidation,TPU,0.27386046511627904
test_results,resnet_base224,certain_vs_uncertain,Consolidation,FPU,0.2393516884339334
test_results,resnet_base224,certain_vs_uncertain,Consolidation,FNU,0.7261395348837208
test_results,resnet_base224,certain_vs_uncertain,Consolidation,TNU,0.5135604188728086
test_results,resnet_base224,certain_vs_uncertain,Consolidation,FPU_AP,0.015325332392046124
test_results,resnet_base224,certain_vs_uncertain,Consolidation,FPU_AN,0.22402635604188728
test_results,resnet_base224,certain_vs_uncertain,Consolidation,TNU_AP,0.024326391340157665
test_results,resnet_base224,certain_vs_uncertain,Consolidation,TNU_AN,0.4892340275326509
test_results,resnet_base224,certain_vs_uncertain,Consolidation,Precision,0.8418254255542555
test_results,resnet_base224,certain_vs_uncertain,Consolidation,Recall,0.6369302325581395
test_results,resnet_base224,certain_vs_uncertain,Consolidation,F1 Score,0.7251827725968685
test_results,resnet_base224,certain_vs_uncertain,Edema,TPU,0.6413876563130294
test_results,resnet_base224,certain_vs_uncertain,Edema,FPU,0.5139054537569121
test_results,resnet_base224,certain_vs_uncertain,Edema,FNU,0.3586123436869706
test_results,resnet_base224,certain_vs_uncertain,Edema,TNU,0.3189851458310745
test_results,resnet_base224,certain_vs_uncertain,Edema,FPU_AP,0.15846253930391413
test_results,resnet_base224,certain_vs_uncertain,Edema,FPU_AN,0.35544291445299797
test_results,resnet_base224,certain_vs_uncertain,Edema,TNU_AP,0.08074921392171745
test_results,resnet_base224,certain_vs_uncertain,Edema,TNU_AN,0.23823593190935705
test_results,resnet_base224,certain_vs_uncertain,Edema,Precision,0.7615612227609101
test_results,resnet_base224,certain_vs_uncertain,Edema,Recall,0.8206938281565147
test_results,resnet_base224,certain_vs_uncertain,Edema,F1 Score,0.7900225629500305
test_results,resnet_base224,certain_vs_uncertain,Atelectasis,TPU,0.34968535469107553
test_results,resnet_base224,certain_vs_uncertain,Atelectasis,FPU,0.3054140029031162
test_results,resnet_base224,certain_vs_uncertain,Atelectasis,FNU,0.6503146453089245
test_results,resnet_base224,certain_vs_uncertain,Atelectasis,TNU,0.5046480743691899
test_results,resnet_base224,certain_vs_uncertain,Atelectasis,FPU_AP,0.07430742147688317
test_results,resnet_base224,certain_vs_uncertain,Atelectasis,FPU_AN,0.23110658142623305
test_results,resnet_base224,certain_vs_uncertain,Atelectasis,TNU_AP,0.024244108835973933
test_results,resnet_base224,certain_vs_uncertain,Atelectasis,TNU_AN,0.48040396553321596
test_results,resnet_base224,certain_vs_uncertain,Atelectasis,Precision,0.8154708951448947
test_results,resnet_base224,certain_vs_uncertain,Atelectasis,Recall,0.6748426773455378
test_results,resnet_base224,certain_vs_uncertain,Atelectasis,F1 Score,0.7385218417588773
test_results,resnet_base224,certain_vs_uncertain,Pleural Effusion,TPU,0.06976744186046512
test_results,resnet_base224,certain_vs_uncertain,Pleural Effusion,FPU,0.06927394816913231
test_results,resnet_base224,certain_vs_uncertain,Pleural Effusion,FNU,0.9302325581395349
test_results,resnet_base224,certain_vs_uncertain,Pleural Effusion,TNU,0.600041968313923
test_results,resnet_base224,certain_vs_uncertain,Pleural Effusion,FPU_AP,0.01946280558178575
test_results,resnet_base224,certain_vs_uncertain,Pleural Effusion,FPU_AN,0.049811142587346556
test_results,resnet_base224,certain_vs_uncertain,Pleural Effusion,TNU_AP,0.22791417479802747
test_results,resnet_base224,certain_vs_uncertain,Pleural Effusion,TNU_AN,0.3721277935158955
test_results,resnet_base224,certain_vs_uncertain,Pleural Effusion,Precision,0.9391822379981009
test_results,resnet_base224,certain_vs_uncertain,Pleural Effusion,Recall,0.5348837209302325
test_results,resnet_base224,certain_vs_uncertain,Pleural Effusion,F1 Score,0.6815886182694637
test_results,resnet_base224_enhanced,positive_vs_negative,Cardiomegaly,TP,534.0
test_results,resnet_base224_enhanced,positive_vs_negative,Cardiomegaly,FP,2456.0
test_results,resnet_base224_enhanced,positive_vs_negative,Cardiomegaly,FN,4226.0
test_results,resnet_base224_enhanced,positive_vs_negative,Cardiomegaly,TN,32155.0
test_results,resnet_base224_enhanced,positive_vs_negative,Cardiomegaly,TPR,0.11218487394957984
test_results,resnet_base224_enhanced,positive_vs_negative,Cardiomegaly,FPR,0.07096009939036722
test_results,resnet_base224_enhanced,positive_vs_negative,Cardiomegaly,FNR,0.8878151260504201
test_results,resnet_base224_enhanced,positive_vs_negative,Cardiomegaly,TNR,0.9290399006096328
test_results,resnet_base224_enhanced,positive_vs_negative,Cardiomegaly,Precision,0.1788699431628218
test_results,resnet_base224_enhanced,positive_vs_negative,Cardiomegaly,Recall,0.11237135055660576
test_results,resnet_base224_enhanced,positive_vs_negative,Cardiomegaly,BER,0.47938761272039365
test_results,resnet_base224_enhanced,positive_vs_negative,Cardiomegaly,F1 Score,0.13802889576883387
test_results,resnet_base224_enhanced,positive_vs_negative,Consolidation,TP,1614.0
test_results,resnet_base224_enhanced,positive_vs_negative,Consolidation,FP,22646.0
test_results,resnet_base224_enhanced,positive_vs_negative,Consolidation,FN,635.0
test_results,resnet_base224_enhanced,positive_vs_negative,Consolidation,TN,14476.0
test_results,resnet_base224_enhanced,positive_vs_negative,Consolidation,TPR,0.7176522899066252
test_results,resnet_base224_enhanced,positive_vs_negative,Consolidation,FPR,0.6100425623619417
test_results,resnet_base224_enhanced,positive_vs_negative,Consolidation,FNR,0.28234771009337484
test_results,resnet_base224_enhanced,positive_vs_negative,Consolidation,TNR,0.3899574376380583
test_results,resnet_base224_enhanced,positive_vs_negative,Consolidation,Precision,0.0665677424673344
test_results,resnet_base224_enhanced,positive_vs_negative,Consolidation,Recall,0.7177777777777777
test_results,resnet_base224_enhanced,positive_vs_negative,Consolidation,BER,0.4461951362276583
test_results,resnet_base224_enhanced,positive_vs_negative,Consolidation,F1 Score,0.12183621892799214
test_results,resnet_base224_enhanced,positive_vs_negative,Edema,TP,777.0
test_results,resnet_base224_enhanced,positive_vs_negative,Edema,FP,1184.0
test_results,resnet_base224_enhanced,positive_vs_negative,Edema,FN,9536.0
test_results,resnet_base224_enhanced,positive_vs_negative,Edema,TN,27874.0
test_results,resnet_base224_enhanced,positive_vs_negative,Edema,TPR,0.07534180160961892
test_results,resnet_base224_enhanced,positive_vs_negative,Edema,FPR,0.040746094018858835
test_results,resnet_base224_enhanced,positive_vs_negative,Edema,FNR,0.9246581983903811
test_results,resnet_base224_enhanced,positive_vs_negative,Edema,TNR,0.9592539059811411
test_results,resnet_base224_enhanced,positive_vs_negative,Edema,Precision,0.3965341488277268
test_results,resnet_base224_enhanced,positive_vs_negative,Edema,Recall,0.07543145239480319
test_results,resnet_base224_enhanced,positive_vs_negative,Edema,BER,0.48270214620462
test_results,resnet_base224_enhanced,positive_vs_negative,Edema,F1 Score,0.12675138481590095
test_results,resnet_base224_enhanced,positive_vs_negative,Atelectasis,TP,180.0
test_results,resnet_base224_enhanced,positive_vs_negative,Atelectasis,FP,632.0
test_results,resnet_base224_enhanced,positive_vs_negative,Atelectasis,FN,6630.0
test_results,resnet_base224_enhanced,positive_vs_negative,Atelectasis,TN,31929.0
test_results,resnet_base224_enhanced,positive_vs_negative,Atelectasis,TPR,0.02643171806167401
test_results,resnet_base224_enhanced,positive_vs_negative,Atelectasis,FPR,0.01940972328859679
test_results,resnet_base224_enhanced,positive_vs_negative,Atelectasis,FNR,0.973568281938326
test_results,resnet_base224_enhanced,positive_vs_negative,Atelectasis,TNR,0.9805902767114032
test_results,resnet_base224_enhanced,positive_vs_negative,Atelectasis,Precision,0.22263222632226323
test_results,resnet_base224_enhanced,positive_vs_negative,Atelectasis,Recall,0.026574658640434592
test_results,resnet_base224_enhanced,positive_vs_negative,Atelectasis,BER,0.4964890026134614
test_results,resnet_base224_enhanced,positive_vs_negative,Atelectasis,F1 Score,0.047481636935991604
test_results,resnet_base224_enhanced,positive_vs_negative,Pleural Effusion,TP,8760.0
test_results,resnet_base224_enhanced,positive_vs_negative,Pleural Effusion,FP,9244.0
test_results,resnet_base224_enhanced,positive_vs_negative,Pleural Effusion,FN,6006.0
test_results,resnet_base224_enhanced,positive_vs_negative,Pleural Effusion,TN,15361.0
test_results,resnet_base224_enhanced,positive_vs_negative,Pleural Effusion,TPR,0.5932547744819179
test_results,resnet_base224_enhanced,positive_vs_negative,Pleural Effusion,FPR,0.3756959967486283
test_results,resnet_base224_enhanced,positive_vs_negative,Pleural Effusion,FNR,0.40674522551808207
test_results,resnet_base224_enhanced,positive_vs_negative,Pleural Effusion,TNR,0.6243040032513717
test_results,resnet_base224_enhanced,positive_vs_negative,Pleural Effusion,Precision,0.48658705915023603
test_results,resnet_base224_enhanced,positive_vs_negative,Pleural Effusion,Recall,0.5932823186835512
test_results,resnet_base224_enhanced,positive_vs_negative,Pleural Effusion,BER,0.39122061113335516
test_results,resnet_base224_enhanced,positive_vs_negative,Pleural Effusion,F1 Score,0.5346637373367508
test_results,resnet_base224_enhanced,certain_vs_uncertain,Cardiomegaly,TPU,0.3751846381093058
test_results,resnet_base224_enhanced,certain_vs_uncertain,Cardiomegaly,FPU,0.3852018400785651
test_results,resnet_base224_enhanced,certain_vs_uncertain,Cardiomegaly,FNU,0.6248153618906943
test_results,resnet_base224_enhanced,certain_vs_uncertain,Cardiomegaly,TNU,0.4897141675711996
test_results,resnet_base224_enhanced,certain_vs_uncertain,Cardiomegaly,FPU_AP,0.04605365172895022
test_results,resnet_base224_enhanced,certain_vs_uncertain,Cardiomegaly,FPU_AN,0.3391481883496149
test_results,resnet_base224_enhanced,certain_vs_uncertain,Cardiomegaly,TNU_AP,0.01380058923864165
test_results,resnet_base224_enhanced,certain_vs_uncertain,Cardiomegaly,TNU_AN,0.475913578332558
test_results,resnet_base224_enhanced,certain_vs_uncertain,Cardiomegaly,Precision,0.7811833680550142
test_results,resnet_base224_enhanced,certain_vs_uncertain,Cardiomegaly,Recall,0.6875923190546529
test_results,resnet_base224_enhanced,certain_vs_uncertain,Cardiomegaly,F1 Score,0.7314060116352757
test_results,resnet_base224_enhanced,certain_vs_uncertain,Consolidation,TPU,0.24130232558139533
test_results,resnet_base224_enhanced,certain_vs_uncertain,Consolidation,FPU,0.29082833274502884
test_results,resnet_base224_enhanced,certain_vs_uncertain,Consolidation,FNU,0.7586976744186047
test_results,resnet_base224_enhanced,certain_vs_uncertain,Consolidation,TNU,0.14463466290151783
test_results,resnet_base224_enhanced,certain_vs_uncertain,Consolidation,FPU_AP,0.014442875632427344
test_results,resnet_base224_enhanced,certain_vs_uncertain,Consolidation,FPU_AN,0.2763854571126015
test_results,resnet_base224_enhanced,certain_vs_uncertain,Consolidation,TNU_AP,0.047476173667490296
test_results,resnet_base224_enhanced,certain_vs_uncertain,Consolidation,TNU_AN,0.09715848923402753
test_results,resnet_base224_enhanced,certain_vs_uncertain,Consolidation,Precision,0.8101804626358001
test_results,resnet_base224_enhanced,certain_vs_uncertain,Consolidation,Recall,0.6206511627906977
test_results,resnet_base224_enhanced,certain_vs_uncertain,Consolidation,F1 Score,0.7028631982541341
test_results,resnet_base224_enhanced,certain_vs_uncertain,Edema,TPU,0.8329971762807583
test_results,resnet_base224_enhanced,certain_vs_uncertain,Edema,FPU,0.7497018323755829
test_results,resnet_base224_enhanced,certain_vs_uncertain,Edema,FNU,0.16700282371924163
test_results,resnet_base224_enhanced,certain_vs_uncertain,Edema,TNU,0.18865878781307602
test_results,resnet_base224_enhanced,certain_vs_uncertain,Edema,FPU_AP,0.2257128916838339
test_results,resnet_base224_enhanced,certain_vs_uncertain,Edema,FPU_AN,0.523988940691749
test_results,resnet_base224_enhanced,certain_vs_uncertain,Edema,TNU_AP,0.021061476742925297
test_results,resnet_base224_enhanced,certain_vs_uncertain,Edema,TNU_AN,0.16759731107015072
test_results,resnet_base224_enhanced,certain_vs_uncertain,Edema,Precision,0.7097215626509965
test_results,resnet_base224_enhanced,certain_vs_uncertain,Edema,Recall,0.9164985881403791
test_results,resnet_base224_enhanced,certain_vs_uncertain,Edema,F1 Score,0.7999640267966006
test_results,resnet_base224_enhanced,certain_vs_uncertain,Atelectasis,TPU,0.25
test_results,resnet_base224_enhanced,certain_vs_uncertain,Atelectasis,FPU,0.2494518051823713
test_results,resnet_base224_enhanced,certain_vs_uncertain,Atelectasis,FNU,0.75
test_results,resnet_base224_enhanced,certain_vs_uncertain,Atelectasis,TNU,0.5870471601964236
test_results,resnet_base224_enhanced,certain_vs_uncertain,Atelectasis,FPU_AP,0.056332808301677015
test_results,resnet_base224_enhanced,certain_vs_uncertain,Atelectasis,FPU_AN,0.19311899688069428
test_results,resnet_base224_enhanced,certain_vs_uncertain,Atelectasis,TNU_AP,0.0055591587139812845
test_results,resnet_base224_enhanced,certain_vs_uncertain,Atelectasis,TNU_AN,0.5814880014824423
test_results,resnet_base224_enhanced,certain_vs_uncertain,Atelectasis,Precision,0.8336379973532849
test_results,resnet_base224_enhanced,certain_vs_uncertain,Atelectasis,Recall,0.625
test_results,resnet_base224_enhanced,certain_vs_uncertain,Atelectasis,F1 Score,0.7143976083047426
test_results,resnet_base224_enhanced,certain_vs_uncertain,Pleural Effusion,TPU,0.06976744186046512
test_results,resnet_base224_enhanced,certain_vs_uncertain,Pleural Effusion,FPU,0.07286748504878816
test_results,resnet_base224_enhanced,certain_vs_uncertain,Pleural Effusion,FNU,0.9302325581395349
test_results,resnet_base224_enhanced,certain_vs_uncertain,Pleural Effusion,TNU,0.5657066414856783
test_results,resnet_base224_enhanced,certain_vs_uncertain,Pleural Effusion,FPU_AP,0.023476025600671493
test_results,resnet_base224_enhanced,certain_vs_uncertain,Pleural Effusion,FPU_AN,0.049391459448116674
test_results,resnet_base224_enhanced,certain_vs_uncertain,Pleural Effusion,TNU_AP,0.22977651872836008
test_results,resnet_base224_enhanced,certain_vs_uncertain,Pleural Effusion,TNU_AN,0.3359301227573182
test_results,resnet_base224_enhanced,certain_vs_uncertain,Pleural Effusion,Precision,0.936228550928432
test_results,resnet_base224_enhanced,certain_vs_uncertain,Pleural Effusion,Recall,0.5348837209302325
test_results,resnet_base224_enhanced,certain_vs_uncertain,Pleural Effusion,F1 Score,0.6808092360333877
test_results,densenet_base224,positive_vs_negative,Cardiomegaly,TP,3286.0
test_results,densenet_base224,positive_vs_negative,Cardiomegaly,FP,17595.0
test_results,densenet_base224,positive_vs_negative,Cardiomegaly,FN,1474.0
test_results,densenet_base224,positive_vs_negative,Cardiomegaly,TN,17016.0
test_results,densenet_base224,positive_vs_negative,Cardiomegaly,TPR,0.6903361344537815
test_results,densenet_base224,positive_vs_negative,Cardiomegaly,FPR,0.5083643928230909
test_results,densenet_base224,positive_vs_negative,Cardiomegaly,FNR,0.3096638655462185
test_results,densenet_base224,positive_vs_negative,Cardiomegaly,TNR,0.4916356071769091
test_results,densenet_base224,positive_vs_negative,Cardiomegaly,Precision,0.15740829422469113
test_results,densenet_base224,positive_vs_negative,Cardiomegaly,Recall,0.6904011762234825
test_results,densenet_base224,positive_vs_negative,Cardiomegaly,BER,0.4090141291846547
test_results,densenet_base224,positive_vs_negative,Cardiomegaly,F1 Score,0.25636625979799554
test_results,densenet_base224,positive_vs_negative,Consolidation,TP,849.0
test_results,densenet_base224,positive_vs_negative,Consolidation,FP,8258.0
test_results,densenet_base224,positive_vs_negative,Consolidation,FN,1400.0
test_results,densenet_base224,positive_vs_negative,Consolidation,TN,28864.0
test_results,densenet_base224,positive_vs_negative,Consolidation,TPR,0.37750111160515787
test_results,densenet_base224,positive_vs_negative,Consolidation,FPR,0.22245568665481386
test_results,densenet_base224,positive_vs_negative,Consolidation,FNR,0.6224988883948421
test_results,densenet_base224,positive_vs_negative,Consolidation,TNR,0.7775443133451861
test_results,densenet_base224,positive_vs_negative,Consolidation,Precision,0.09332454984628898
test_results,densenet_base224,positive_vs_negative,Consolidation,Recall,0.37777777777777777
test_results,densenet_base224,positive_vs_negative,Consolidation,BER,0.422477287524828
test_results,densenet_base224,positive_vs_negative,Consolidation,F1 Score,0.14967423842225744
test_results,densenet_base224,positive_vs_negative,Edema,TP,7176.0
test_results,densenet_base224,positive_vs_negative,Edema,FP,14338.0
test_results,densenet_base224,positive_vs_negative,Edema,FN,3137.0
test_results,densenet_base224,positive_vs_negative,Edema,TN,14720.0
test_results,densenet_base224,positive_vs_negative,Edema,TPR,0.6958208086880636
test_results,densenet_base224,positive_vs_negative,Edema,FPR,0.4934269392249983
test_results,densenet_base224,positive_vs_negative,Edema,FNR,0.3041791913119364
test_results,densenet_base224,positive_vs_negative,Edema,TNR,0.5065730607750017
test_results,densenet_base224,positive_vs_negative,Edema,Precision,0.33358122240297466
test_results,densenet_base224,positive_vs_negative,Edema,Recall,0.6958503005623424
test_results,densenet_base224,positive_vs_negative,Edema,BER,0.3988030652684673
test_results,densenet_base224,positive_vs_negative,Edema,F1 Score,0.4509723836752647
test_results,densenet_base224,positive_vs_negative,Atelectasis,TP,2058.0
test_results,densenet_base224,positive_vs_negative,Atelectasis,FP,8131.0
test_results,densenet_base224,positive_vs_negative,Atelectasis,FN,4752.0
test_results,densenet_base224,positive_vs_negative,Atelectasis,TN,24430.0
test_results,densenet_base224,positive_vs_negative,Atelectasis,TPR,0.3022026431718062
test_results,densenet_base224,positive_vs_negative,Atelectasis,FPR,0.2497159178157919
test_results,densenet_base224,positive_vs_negative,Atelectasis,FNR,0.6977973568281939
test_results,densenet_base224,positive_vs_negative,Atelectasis,TNR,0.7502840821842081
test_results,densenet_base224,positive_vs_negative,Atelectasis,Precision,0.20206084396467125
test_results,densenet_base224,positive_vs_negative,Atelectasis,Recall,0.3023050946997504
test_results,densenet_base224,positive_vs_negative,Atelectasis,BER,0.4737566373219929
test_results,densenet_base224,positive_vs_negative,Atelectasis,F1 Score,0.24222104582083406
test_results,densenet_base224,positive_vs_negative,Pleural Effusion,TP,9124.0
test_results,densenet_base224,positive_vs_negative,Pleural Effusion,FP,7809.0
test_results,densenet_base224,positive_vs_negative,Pleural Effusion,FN,5642.0
test_results,densenet_base224,positive_vs_negative,Pleural Effusion,TN,16796.0
test_results,densenet_base224,positive_vs_negative,Pleural Effusion,TPR,0.6179060002708926
test_results,densenet_base224,positive_vs_negative,Pleural Effusion,FPR,0.3173745173745174
test_results,densenet_base224,positive_vs_negative,Pleural Effusion,FNR,0.3820939997291074
test_results,densenet_base224,positive_vs_negative,Pleural Effusion,TNR,0.6826254826254826
test_results,densenet_base224,positive_vs_negative,Pleural Effusion,Precision,0.5388567379237038
test_results,densenet_base224,positive_vs_negative,Pleural Effusion,Recall,0.6179318751269723
test_results,densenet_base224,positive_vs_negative,Pleural Effusion,BER,0.3497342585518124
test_results,densenet_base224,positive_vs_negative,Pleural Effusion,F1 Score,0.5756916185609287
test_results,densenet_base224,certain_vs_uncertain,Cardiomegaly,TPU,0.24372230428360414
test_results,densenet_base224,certain_vs_uncertain,Cardiomegaly,FPU,0.23724608466428904
test_results,densenet_base224,certain_vs_uncertain,Cardiomegaly,FNU,0.7562776957163959
test_results,densenet_base224,certain_vs_uncertain,Cardiomegaly,TNU,0.3012353336434589
test_results,densenet_base224,certain_vs_uncertain,Cardiomegaly,FPU_AP,0.02165710446063989
test_results,densenet_base224,certain_vs_uncertain,Cardiomegaly,FPU_AN,0.21558898020364914
test_results,densenet_base224,certain_vs_uncertain,Cardiomegaly,TNU_AP,0.08492272703778363
test_results,densenet_base224,certain_vs_uncertain,Cardiomegaly,TNU_AN,0.21631260660567528
test_results,densenet_base224,certain_vs_uncertain,Cardiomegaly,Precision,0.8398034107717632
test_results,densenet_base224,certain_vs_uncertain,Cardiomegaly,Recall,0.621861152141802
test_results,densenet_base224,certain_vs_uncertain,Cardiomegaly,F1 Score,0.7145840842636972
test_results,densenet_base224,certain_vs_uncertain,Consolidation,TPU,0.24260465116279067
test_results,densenet_base224,certain_vs_uncertain,Consolidation,FPU,0.19643487469114013
test_results,densenet_base224,certain_vs_uncertain,Consolidation,FNU,0.7573953488372093
test_results,densenet_base224,certain_vs_uncertain,Consolidation,TNU,0.5747735027650311
test_results,densenet_base224,certain_vs_uncertain,Consolidation,FPU_AP,0.014148723379221085
test_results,densenet_base224,certain_vs_uncertain,Consolidation,FPU_AN,0.18228615131191905
test_results,densenet_base224,certain_vs_uncertain,Consolidation,TNU_AP,0.024973526297211435
test_results,densenet_base224,certain_vs_uncertain,Consolidation,TNU_AN,0.5497999764678198
test_results,densenet_base224,certain_vs_uncertain,Consolidation,Precision,0.8634958448590389
test_results,densenet_base224,certain_vs_uncertain,Consolidation,Recall,0.6213023255813953
test_results,densenet_base224,certain_vs_uncertain,Consolidation,F1 Score,0.7226463329782438
test_results,densenet_base224,certain_vs_uncertain,Edema,TPU,0.39572408229124645
test_results,densenet_base224,certain_vs_uncertain,Edema,FPU,0.2597853193104196
test_results,densenet_base224,certain_vs_uncertain,Edema,FNU,0.6042759177087536
test_results,densenet_base224,certain_vs_uncertain,Edema,TNU,0.36964653583432727
test_results,densenet_base224,certain_vs_uncertain,Edema,FPU_AP,0.06773826303805704
test_results,densenet_base224,certain_vs_uncertain,Edema,FPU_AN,0.19204705627236257
test_results,densenet_base224,certain_vs_uncertain,Edema,TNU_AP,0.1945137157107232
test_results,densenet_base224,certain_vs_uncertain,Edema,TNU_AN,0.17513282012360404
test_results,densenet_base224,certain_vs_uncertain,Edema,Precision,0.8430783183356836
test_results,densenet_base224,certain_vs_uncertain,Edema,Recall,0.6978620411456232
test_results,densenet_base224,certain_vs_uncertain,Edema,F1 Score,0.7636276802788187
test_results,densenet_base224,certain_vs_uncertain,Atelectasis,TPU,0.3984553775743707
test_results,densenet_base224,certain_vs_uncertain,Atelectasis,FPU,0.33478489144198403
test_results,densenet_base224,certain_vs_uncertain,Atelectasis,FNU,0.6015446224256293
test_results,densenet_base224,certain_vs_uncertain,Atelectasis,TNU,0.3965842058124093
test_results,densenet_base224,certain_vs_uncertain,Atelectasis,FPU_AP,0.08026807498687422
test_results,densenet_base224,certain_vs_uncertain,Atelectasis,FPU_AN,0.2545168164551098
test_results,densenet_base224,certain_vs_uncertain,Atelectasis,TNU_AP,0.06355971462985269
test_results,densenet_base224,certain_vs_uncertain,Atelectasis,TNU_AN,0.3330244911825566
test_results,densenet_base224,certain_vs_uncertain,Atelectasis,Precision,0.8068444996192128
test_results,densenet_base224,certain_vs_uncertain,Atelectasis,Recall,0.6992276887871853
test_results,densenet_base224,certain_vs_uncertain,Atelectasis,F1 Score,0.7491911994953594
test_results,densenet_base224,certain_vs_uncertain,Pleural Effusion,TPU,0.14033680834001605
test_results,densenet_base224,certain_vs_uncertain,Pleural Effusion,FPU,0.1321739586612108
test_results,densenet_base224,certain_vs_uncertain,Pleural Effusion,FNU,0.859663191659984
test_results,densenet_base224,certain_vs_uncertain,Pleural Effusion,TNU,0.5676214458084146
test_results,densenet_base224,certain_vs_uncertain,Pleural Effusion,FPU_AP,0.037220648410450106
test_results,densenet_base224,certain_vs_uncertain,Pleural Effusion,FPU_AN,0.09495331025076068
test_results,densenet_base224,certain_vs_uncertain,Pleural Effusion,TNU_AP,0.23932431014583988
test_results,densenet_base224,certain_vs_uncertain,Pleural Effusion,TNU_AN,0.32829713566257474
test_results,densenet_base224,certain_vs_uncertain,Pleural Effusion,Precision,0.8961313632161327
test_results,densenet_base224,certain_vs_uncertain,Pleural Effusion,Recall,0.570168404170008
test_results,densenet_base224,certain_vs_uncertain,Pleural Effusion,F1 Score,0.6969185983060747
test_results,densenet_base224_enhanced,positive_vs_negative,Cardiomegaly,TP,1288.0
test_results,densenet_base224_enhanced,positive_vs_negative,Cardiomegaly,FP,5452.0
test_results,densenet_base224_enhanced,positive_vs_negative,Cardiomegaly,FN,3472.0
test_results,densenet_base224_enhanced,positive_vs_negative,Cardiomegaly,TN,29159.0
test_results,densenet_base224_enhanced,positive_vs_negative,Cardiomegaly,TPR,0.27058823529411763
test_results,densenet_base224_enhanced,positive_vs_negative,Cardiomegaly,FPR,0.1575221750310595
test_results,densenet_base224_enhanced,positive_vs_negative,Cardiomegaly,FNR,0.7294117647058823
test_results,densenet_base224_enhanced,positive_vs_negative,Cardiomegaly,TNR,0.8424778249689405
test_results,densenet_base224_enhanced,positive_vs_negative,Cardiomegaly,Precision,0.19121792018988282
test_results,densenet_base224_enhanced,positive_vs_negative,Cardiomegaly,Recall,0.270741440873766
test_results,densenet_base224_enhanced,positive_vs_negative,Cardiomegaly,BER,0.4434669698684709
test_results,densenet_base224_enhanced,positive_vs_negative,Cardiomegaly,F1 Score,0.22413493305512086
test_results,densenet_base224_enhanced,positive_vs_negative,Consolidation,TP,280.0
test_results,densenet_base224_enhanced,positive_vs_negative,Consolidation,FP,2016.0
test_results,densenet_base224_enhanced,positive_vs_negative,Consolidation,FN,1969.0
test_results,densenet_base224_enhanced,positive_vs_negative,Consolidation,TN,35106.0
test_results,densenet_base224_enhanced,positive_vs_negative,Consolidation,TPR,0.12449977767896843
test_results,densenet_base224_enhanced,positive_vs_negative,Consolidation,FPR,0.05430741878131566
test_results,densenet_base224_enhanced,positive_vs_negative,Consolidation,FNR,0.8755002223210315
test_results,densenet_base224_enhanced,positive_vs_negative,Consolidation,TNR,0.9456925812186844
test_results,densenet_base224_enhanced,positive_vs_negative,Consolidation,Precision,0.12233347845015237
test_results,densenet_base224_enhanced,positive_vs_negative,Consolidation,Recall,0.12488888888888888
test_results,densenet_base224_enhanced,positive_vs_negative,Consolidation,BER,0.4649038205511736
test_results,densenet_base224_enhanced,positive_vs_negative,Consolidation,F1 Score,0.1235979766879261
test_results,densenet_base224_enhanced,positive_vs_negative,Edema,TP,5227.0
test_results,densenet_base224_enhanced,positive_vs_negative,Edema,FP,9215.0
test_results,densenet_base224_enhanced,positive_vs_negative,Edema,FN,5086.0
test_results,densenet_base224_enhanced,positive_vs_negative,Edema,TN,19843.0
test_results,densenet_base224_enhanced,positive_vs_negative,Edema,TPR,0.5068360321923786
test_results,densenet_base224_enhanced,positive_vs_negative,Edema,FPR,0.31712437194576365
test_results,densenet_base224_enhanced,positive_vs_negative,Edema,FNR,0.49316396780762145
test_results,densenet_base224_enhanced,positive_vs_negative,Edema,TNR,0.6828756280542364
test_results,densenet_base224_enhanced,positive_vs_negative,Edema,Precision,0.361974659004362
test_results,densenet_base224_enhanced,positive_vs_negative,Edema,Recall,0.5068838471979833
test_results,densenet_base224_enhanced,positive_vs_negative,Edema,BER,0.40514416987669255
test_results,densenet_base224_enhanced,positive_vs_negative,Edema,F1 Score,0.42234519529829945
test_results,densenet_base224_enhanced,positive_vs_negative,Atelectasis,TP,1808.0
test_results,densenet_base224_enhanced,positive_vs_negative,Atelectasis,FP,7085.0
test_results,densenet_base224_enhanced,positive_vs_negative,Atelectasis,FN,5002.0
test_results,densenet_base224_enhanced,positive_vs_negative,Atelectasis,TN,25476.0
test_results,densenet_base224_enhanced,positive_vs_negative,Atelectasis,TPR,0.2654919236417034
test_results,densenet_base224_enhanced,positive_vs_negative,Atelectasis,FPR,0.21759159730966493
test_results,densenet_base224_enhanced,positive_vs_negative,Atelectasis,FNR,0.7345080763582966
test_results,densenet_base224_enhanced,positive_vs_negative,Atelectasis,TNR,0.7824084026903351
test_results,densenet_base224_enhanced,positive_vs_negative,Atelectasis,Precision,0.2033955475601529
test_results,densenet_base224_enhanced,positive_vs_negative,Atelectasis,Recall,0.26559976508589045
test_results,densenet_base224_enhanced,positive_vs_negative,Atelectasis,BER,0.4760498368339808
test_results,densenet_base224_enhanced,positive_vs_negative,Atelectasis,F1 Score,0.2303724928366762
test_results,densenet_base224_enhanced,positive_vs_negative,Pleural Effusion,TP,3759.0
test_results,densenet_base224_enhanced,positive_vs_negative,Pleural Effusion,FP,2302.0
test_results,densenet_base224_enhanced,positive_vs_negative,Pleural Effusion,FN,11007.0
test_results,densenet_base224_enhanced,positive_vs_negative,Pleural Effusion,TN,22303.0
test_results,densenet_base224_enhanced,positive_vs_negative,Pleural Effusion,TPR,0.2545713124746038
test_results,densenet_base224_enhanced,positive_vs_negative,Pleural Effusion,FPR,0.09355821987400935
test_results,densenet_base224_enhanced,positive_vs_negative,Pleural Effusion,FNR,0.7454286875253961
test_results,densenet_base224_enhanced,positive_vs_negative,Pleural Effusion,TNR,0.9064417801259906
test_results,densenet_base224_enhanced,positive_vs_negative,Pleural Effusion,Precision,0.6202573408116133
test_results,densenet_base224_enhanced,positive_vs_negative,Pleural Effusion,Recall,0.2546217918331415
test_results,densenet_base224_enhanced,positive_vs_negative,Pleural Effusion,BER,0.41949345369970276
test_results,densenet_base224_enhanced,positive_vs_negative,Pleural Effusion,F1 Score,0.3610350952998224
test_results,densenet_base224_enhanced,certain_vs_uncertain,Cardiomegaly,TPU,0.654357459379616
test_results,densenet_base224_enhanced,certain_vs_uncertain,Cardiomegaly,FPU,0.6617563446529178
test_results,densenet_base224_enhanced,certain_vs_uncertain,Cardiomegaly,FNU,0.3456425406203841
test_results,densenet_base224_enhanced,certain_vs_uncertain,Cardiomegaly,TNU,0.1861528919212281
test_results,densenet_base224_enhanced,certain_vs_uncertain,Cardiomegaly,FPU_AP,0.075541427611516
test_results,densenet_base224_enhanced,certain_vs_uncertain,Cardiomegaly,FPU_AN,0.5862149170414017
test_results,densenet_base224_enhanced,certain_vs_uncertain,Cardiomegaly,TNU_AP,0.03328681449320308
test_results,densenet_base224_enhanced,certain_vs_uncertain,Cardiomegaly,TNU_AN,0.15286607742802502
test_results,densenet_base224_enhanced,certain_vs_uncertain,Cardiomegaly,Precision,0.7142815938056462
test_results,densenet_base224_enhanced,certain_vs_uncertain,Cardiomegaly,Recall,0.827178729689808
test_results,densenet_base224_enhanced,certain_vs_uncertain,Cardiomegaly,F1 Score,0.7665958473263398
test_results,densenet_base224_enhanced,certain_vs_uncertain,Consolidation,TPU,0.28911627906976745
test_results,densenet_base224_enhanced,certain_vs_uncertain,Consolidation,FPU,0.23105659489351688
test_results,densenet_base224_enhanced,certain_vs_uncertain,Consolidation,FNU,0.7108837209302326
test_results,densenet_base224_enhanced,certain_vs_uncertain,Consolidation,TNU,0.6785798329215202
test_results,densenet_base224_enhanced,certain_vs_uncertain,Consolidation,FPU_AP,0.017207906812566183
test_results,densenet_base224_enhanced,certain_vs_uncertain,Consolidation,FPU_AN,0.2138486880809507
test_results,densenet_base224_enhanced,certain_vs_uncertain,Consolidation,TNU_AP,0.008236263089775268
test_results,densenet_base224_enhanced,certain_vs_uncertain,Consolidation,TNU_AN,0.6703435698317449
test_results,densenet_base224_enhanced,certain_vs_uncertain,Consolidation,Precision,0.8480063689788631
test_results,densenet_base224_enhanced,certain_vs_uncertain,Consolidation,Recall,0.6445581395348837
test_results,densenet_base224_enhanced,certain_vs_uncertain,Consolidation,F1 Score,0.7324164609099894
test_results,densenet_base224_enhanced,certain_vs_uncertain,Edema,TPU,0.5510286405808794
test_results,densenet_base224_enhanced,certain_vs_uncertain,Edema,FPU,0.3984332646644259
test_results,densenet_base224_enhanced,certain_vs_uncertain,Edema,FNU,0.4489713594191206
test_results,densenet_base224_enhanced,certain_vs_uncertain,Edema,TNU,0.34861216523907623
test_results,densenet_base224_enhanced,certain_vs_uncertain,Edema,FPU_AP,0.11135205464599372
test_results,densenet_base224_enhanced,certain_vs_uncertain,Edema,FPU_AN,0.2870812100184322
test_results,densenet_base224_enhanced,certain_vs_uncertain,Edema,TNU_AP,0.14168383389352707
test_results,densenet_base224_enhanced,certain_vs_uncertain,Edema,TNU_AN,0.2069283313455492
test_results,densenet_base224_enhanced,certain_vs_uncertain,Edema,Precision,0.7956188507236873
test_results,densenet_base224_enhanced,certain_vs_uncertain,Edema,Recall,0.7755143202904398
test_results,densenet_base224_enhanced,certain_vs_uncertain,Edema,F1 Score,0.7854379547355292
test_results,densenet_base224_enhanced,certain_vs_uncertain,Atelectasis,TPU,0.6235697940503433
test_results,densenet_base224_enhanced,certain_vs_uncertain,Atelectasis,FPU,0.5600852404336144
test_results,densenet_base224_enhanced,certain_vs_uncertain,Atelectasis,FNU,0.37643020594965676
test_results,densenet_base224_enhanced,certain_vs_uncertain,Atelectasis,TNU,0.2343494240093888
test_results,densenet_base224_enhanced,certain_vs_uncertain,Atelectasis,FPU_AP,0.1235368603106952
test_results,densenet_base224_enhanced,certain_vs_uncertain,Atelectasis,FPU_AN,0.4365483801229192
test_results,densenet_base224_enhanced,certain_vs_uncertain,Atelectasis,TNU_AP,0.055838660860434236
test_results,densenet_base224_enhanced,certain_vs_uncertain,Atelectasis,TNU_AN,0.17851076314895456
test_results,densenet_base224_enhanced,certain_vs_uncertain,Atelectasis,Precision,0.7435102012044801
test_results,densenet_base224_enhanced,certain_vs_uncertain,Atelectasis,Recall,0.8117848970251716
test_results,densenet_base224_enhanced,certain_vs_uncertain,Atelectasis,F1 Score,0.77614898009898
test_results,densenet_base224_enhanced,certain_vs_uncertain,Pleural Effusion,TPU,0.20048115477145148
test_results,densenet_base224_enhanced,certain_vs_uncertain,Pleural Effusion,FPU,0.16231245409715667
test_results,densenet_base224_enhanced,certain_vs_uncertain,Pleural Effusion,FNU,0.7995188452285484
test_results,densenet_base224_enhanced,certain_vs_uncertain,Pleural Effusion,TNU,0.5606704438149197
test_results,densenet_base224_enhanced,certain_vs_uncertain,Pleural Effusion,FPU_AP,0.06738537404259784
test_results,densenet_base224_enhanced,certain_vs_uncertain,Pleural Effusion,FPU_AN,0.09492708005455881
test_results,densenet_base224_enhanced,certain_vs_uncertain,Pleural Effusion,TNU_AP,0.09859930752282027
test_results,densenet_base224_enhanced,certain_vs_uncertain,Pleural Effusion,TNU_AN,0.46207113629209945
test_results,densenet_base224_enhanced,certain_vs_uncertain,Pleural Effusion,Precision,0.8808972591000713
test_results,densenet_base224_enhanced,certain_vs_uncertain,Pleural Effusion,Recall,0.6002405773857258
test_results,densenet_base224_enhanced,certain_vs_uncertain,Pleural Effusion,F1 Score,0.7139784919332866
test_results,resnet_base384,positive_vs_negative,Cardiomegaly,TP,233.0
test_results,resnet_base384,positive_vs_negative,Cardiomegaly,FP,586.0
test_results,resnet_base384,positive_vs_negative,Cardiomegaly,FN,4527.0
test_results,resnet_base384,positive_vs_negative,Cardiomegaly,TN,34025.0
test_results,resnet_base384,positive_vs_negative,Cardiomegaly,TPR,0.04894957983193277
test_results,resnet_base384,positive_vs_negative,Cardiomegaly,FPR,0.01693103348646384
test_results,resnet_base384,positive_vs_negative,Cardiomegaly,FNR,0.9510504201680672
test_results,resnet_base384,positive_vs_negative,Cardiomegaly,TNR,0.9830689665135361
test_results,resnet_base384,positive_vs_negative,Cardiomegaly,Precision,0.28536585365853656
test_results,resnet_base384,positive_vs_negative,Cardiomegaly,Recall,0.04914933837429111
test_results,resnet_base384,positive_vs_negative,Cardiomegaly,BER,0.4839907268272655
test_results,resnet_base384,positive_vs_negative,Cardiomegaly,F1 Score,0.08385593979573552
test_results,resnet_base384,positive_vs_negative,Consolidation,TP,650.0
test_results,resnet_base384,positive_vs_negative,Consolidation,FP,6345.0
test_results,resnet_base384,positive_vs_negative,Consolidation,FN,1599.0
test_results,resnet_base384,positive_vs_negative,Consolidation,TN,30777.0
test_results,resnet_base384,positive_vs_negative,Consolidation,TPR,0.28901734104046245
test_results,resnet_base384,positive_vs_negative,Consolidation,FPR,0.17092290286083725
test_results,resnet_base384,positive_vs_negative,Consolidation,FNR,0.7109826589595376
test_results,resnet_base384,positive_vs_negative,Consolidation,TNR,0.8290770971391628
test_results,resnet_base384,positive_vs_negative,Consolidation,Precision,0.09305317324185249
test_results,resnet_base384,positive_vs_negative,Consolidation,Recall,0.28933333333333333
test_results,resnet_base384,positive_vs_negative,Consolidation,BER,0.4409527809101874
test_results,resnet_base384,positive_vs_negative,Consolidation,F1 Score,0.14081765087605452
test_results,resnet_base384,positive_vs_negative,Edema,TP,532.0
test_results,resnet_base384,positive_vs_negative,Edema,FP,689.0
test_results,resnet_base384,positive_vs_negative,Edema,FN,9781.0
test_results,resnet_base384,positive_vs_negative,Edema,TN,28369.0
test_results,resnet_base384,positive_vs_negative,Edema,TPR,0.051585377678658006
test_results,resnet_base384,positive_vs_negative,Edema,FPR,0.023711198293069034
test_results,resnet_base384,positive_vs_negative,Edema,FNR,0.948414622321342
test_results,resnet_base384,positive_vs_negative,Edema,TNR,0.976288801706931
test_results,resnet_base384,positive_vs_negative,Edema,Precision,0.43617021276595747
test_results,resnet_base384,positive_vs_negative,Edema,Recall,0.051677331782043825
test_results,resnet_base384,positive_vs_negative,Edema,BER,0.4860629103072055
test_results,resnet_base384,positive_vs_negative,Edema,F1 Score,0.09240638002773927
test_results,resnet_base384,positive_vs_negative,Atelectasis,TP,285.0
test_results,resnet_base384,positive_vs_negative,Atelectasis,FP,1026.0
test_results,resnet_base384,positive_vs_negative,Atelectasis,FN,6525.0
test_results,resnet_base384,positive_vs_negative,Atelectasis,TN,31535.0
test_results,resnet_base384,positive_vs_negative,Atelectasis,TPR,0.04185022026431718
test_results,resnet_base384,positive_vs_negative,Atelectasis,FPR,0.03151008875648782
test_results,resnet_base384,positive_vs_negative,Atelectasis,FNR,0.9581497797356828
test_results,resnet_base384,positive_vs_negative,Atelectasis,TNR,0.9684899112435121
test_results,resnet_base384,positive_vs_negative,Atelectasis,Precision,0.21798780487804878
test_results,resnet_base384,positive_vs_negative,Atelectasis,Recall,0.04199089707825576
test_results,resnet_base384,positive_vs_negative,Atelectasis,BER,0.49482993424608535
test_results,resnet_base384,positive_vs_negative,Atelectasis,F1 Score,0.0704173334974763
test_results,resnet_base384,positive_vs_negative,Pleural Effusion,TP,6762.0
test_results,resnet_base384,positive_vs_negative,Pleural Effusion,FP,4904.0
test_results,resnet_base384,positive_vs_negative,Pleural Effusion,FN,8004.0
test_results,resnet_base384,positive_vs_negative,Pleural Effusion,TN,19701.0
test_results,resnet_base384,positive_vs_negative,Pleural Effusion,TPR,0.45794392523364486
test_results,resnet_base384,positive_vs_negative,Pleural Effusion,FPR,0.19930908351960983
test_results,resnet_base384,positive_vs_negative,Pleural Effusion,FNR,0.5420560747663551
test_results,resnet_base384,positive_vs_negative,Pleural Effusion,TNR,0.8006909164803901
test_results,resnet_base384,positive_vs_negative,Pleural Effusion,Precision,0.579669152309934
test_results,resnet_base384,positive_vs_negative,Pleural Effusion,Recall,0.4579806324913659
test_results,resnet_base384,positive_vs_negative,Pleural Effusion,BER,0.37068257914298247
test_results,resnet_base384,positive_vs_negative,Pleural Effusion,F1 Score,0.5116894908072935
test_results,resnet_base384,certain_vs_uncertain,Cardiomegaly,TPU,0.4224519940915805
test_results,resnet_base384,certain_vs_uncertain,Cardiomegaly,FPU,0.3718922830412984
test_results,resnet_base384,certain_vs_uncertain,Cardiomegaly,FNU,0.5775480059084195
test_results,resnet_base384,certain_vs_uncertain,Cardiomegaly,TNU,0.5458210575282989
test_results,resnet_base384,certain_vs_uncertain,Cardiomegaly,FPU_AP,0.049413345738357366
test_results,resnet_base384,certain_vs_uncertain,Cardiomegaly,FPU_AN,0.322478937302941
test_results,resnet_base384,certain_vs_uncertain,Cardiomegaly,TNU_AP,0.006021605416860495
test_results,resnet_base384,certain_vs_uncertain,Cardiomegaly,TNU_AN,0.5397994521114384
test_results,resnet_base384,certain_vs_uncertain,Cardiomegaly,Precision,0.7927419571702636
test_results,resnet_base384,certain_vs_uncertain,Cardiomegaly,Recall,0.7112259970457903
test_results,resnet_base384,certain_vs_uncertain,Cardiomegaly,F1 Score,0.7497748702795245
test_results,resnet_base384,certain_vs_uncertain,Consolidation,TPU,0.3629767441860465
test_results,resnet_base384,certain_vs_uncertain,Consolidation,FPU,0.3015354747617367
test_results,resnet_base384,certain_vs_uncertain,Consolidation,FNU,0.6370232558139535
test_results,resnet_base384,certain_vs_uncertain,Consolidation,TNU,0.5150900105894811
test_results,resnet_base384,certain_vs_uncertain,Consolidation,FPU_AP,0.01985527709142252
test_results,resnet_base384,certain_vs_uncertain,Consolidation,FPU_AN,0.28168019767031416
test_results,resnet_base384,certain_vs_uncertain,Consolidation,TNU_AP,0.019119896458406872
test_results,resnet_base384,certain_vs_uncertain,Consolidation,TNU_AN,0.4959701141310742
test_results,resnet_base384,certain_vs_uncertain,Consolidation,Precision,0.8188445411639264
test_results,resnet_base384,certain_vs_uncertain,Consolidation,Recall,0.6814883720930233
test_results,resnet_base384,certain_vs_uncertain,Consolidation,F1 Score,0.7438789463648766
test_results,resnet_base384,certain_vs_uncertain,Edema,TPU,0.9011698265429609
test_results,resnet_base384,certain_vs_uncertain,Edema,FPU,0.8039683400195166
test_results,resnet_base384,certain_vs_uncertain,Edema,FNU,0.09883017345703914
test_results,resnet_base384,certain_vs_uncertain,Edema,TNU,0.1549929524016047
test_results,resnet_base384,certain_vs_uncertain,Edema,FPU_AP,0.24102786511980917
test_results,resnet_base384,certain_vs_uncertain,Edema,FPU_AN,0.5629404748997073
test_results,resnet_base384,certain_vs_uncertain,Edema,TNU_AP,0.014420470562723626
test_results,resnet_base384,certain_vs_uncertain,Edema,TNU_AN,0.14057248183888107
test_results,resnet_base384,certain_vs_uncertain,Edema,Precision,0.7027995279660152
test_results,resnet_base384,certain_vs_uncertain,Edema,Recall,0.9505849132714804
test_results,resnet_base384,certain_vs_uncertain,Edema,F1 Score,0.8081249728451374
test_results,resnet_base384,certain_vs_uncertain,Atelectasis,TPU,0.6591819221967964
test_results,resnet_base384,certain_vs_uncertain,Atelectasis,FPU,0.6101794372896012
test_results,resnet_base384,certain_vs_uncertain,Atelectasis,FNU,0.34081807780320367
test_results,resnet_base384,certain_vs_uncertain,Atelectasis,TNU,0.30300503412705765
test_results,resnet_base384,certain_vs_uncertain,Atelectasis,FPU_AP,0.13959665215108558
test_results,resnet_base384,certain_vs_uncertain,Atelectasis,FPU_AN,0.4705827851385157
test_results,resnet_base384,certain_vs_uncertain,Atelectasis,TNU_AP,0.008802001297137034
test_results,resnet_base384,certain_vs_uncertain,Atelectasis,TNU_AN,0.2942030328299206
test_results,resnet_base384,certain_vs_uncertain,Atelectasis,Precision,0.7311228400276909
test_results,resnet_base384,certain_vs_uncertain,Atelectasis,Recall,0.8295909610983982
test_results,resnet_base384,certain_vs_uncertain,Atelectasis,F1 Score,0.7772506389088579
test_results,resnet_base384,certain_vs_uncertain,Pleural Effusion,TPU,0.2301523656776263
test_results,resnet_base384,certain_vs_uncertain,Pleural Effusion,FPU,0.18911971461546534
test_results,resnet_base384,certain_vs_uncertain,Pleural Effusion,FNU,0.7698476343223737
test_results,resnet_base384,certain_vs_uncertain,Pleural Effusion,TNU,0.5463487566887
test_results,resnet_base384,certain_vs_uncertain,Pleural Effusion,FPU_AP,0.06313608225789528
test_results,resnet_base384,certain_vs_uncertain,Pleural Effusion,FPU_AN,0.12598363235757004
test_results,resnet_base384,certain_vs_uncertain,Pleural Effusion,TNU_AP,0.17736858671702865
test_results,resnet_base384,certain_vs_uncertain,Pleural Effusion,TNU_AN,0.3689801699716714
test_results,resnet_base384,certain_vs_uncertain,Pleural Effusion,Precision,0.8667487952159176
test_results,resnet_base384,certain_vs_uncertain,Pleural Effusion,Recall,0.6150761828388132
test_results,resnet_base384,certain_vs_uncertain,Pleural Effusion,F1 Score,0.7195404968019864
test_results,resnet_base384_enhanced,positive_vs_negative,Cardiomegaly,TP,215.0
test_results,resnet_base384_enhanced,positive_vs_negative,Cardiomegaly,FP,889.0
test_results,resnet_base384_enhanced,positive_vs_negative,Cardiomegaly,FN,4545.0
test_results,resnet_base384_enhanced,positive_vs_negative,Cardiomegaly,TN,33722.0
test_results,resnet_base384_enhanced,positive_vs_negative,Cardiomegaly,TPR,0.045168067226890755
test_results,resnet_base384_enhanced,positive_vs_negative,Cardiomegaly,FPR,0.02568547571581289
test_results,resnet_base384_enhanced,positive_vs_negative,Cardiomegaly,FNR,0.9548319327731093
test_results,resnet_base384_enhanced,positive_vs_negative,Cardiomegaly,TNR,0.9743145242841871
test_results,resnet_base384_enhanced,positive_vs_negative,Cardiomegaly,Precision,0.19547511312217195
test_results,resnet_base384_enhanced,positive_vs_negative,Cardiomegaly,Recall,0.045368620037807186
test_results,resnet_base384_enhanced,positive_vs_negative,Cardiomegaly,BER,0.4902587042444611
test_results,resnet_base384_enhanced,positive_vs_negative,Cardiomegaly,F1 Score,0.07364473235594954
test_results,resnet_base384_enhanced,positive_vs_negative,Consolidation,TP,1279.0
test_results,resnet_base384_enhanced,positive_vs_negative,Consolidation,FP,18103.0
test_results,resnet_base384_enhanced,positive_vs_negative,Consolidation,FN,970.0
test_results,resnet_base384_enhanced,positive_vs_negative,Consolidation,TN,19019.0
test_results,resnet_base384_enhanced,positive_vs_negative,Consolidation,TPR,0.5686971987550022
test_results,resnet_base384_enhanced,positive_vs_negative,Consolidation,FPR,0.4876623026776575
test_results,resnet_base384_enhanced,positive_vs_negative,Consolidation,FNR,0.43130280124499776
test_results,resnet_base384_enhanced,positive_vs_negative,Consolidation,TNR,0.5123376973223426
test_results,resnet_base384_enhanced,positive_vs_negative,Consolidation,Precision,0.06603724913584068
test_results,resnet_base384_enhanced,positive_vs_negative,Consolidation,Recall,0.5688888888888889
test_results,resnet_base384_enhanced,positive_vs_negative,Consolidation,BER,0.4594825519613276
test_results,resnet_base384_enhanced,positive_vs_negative,Consolidation,F1 Score,0.11833772477233856
test_results,resnet_base384_enhanced,positive_vs_negative,Edema,TP,410.0
test_results,resnet_base384_enhanced,positive_vs_negative,Edema,FP,381.0
test_results,resnet_base384_enhanced,positive_vs_negative,Edema,FN,9903.0
test_results,resnet_base384_enhanced,positive_vs_negative,Edema,TN,28677.0
test_results,resnet_base384_enhanced,positive_vs_negative,Edema,TPR,0.03975564821099583
test_results,resnet_base384_enhanced,positive_vs_negative,Edema,FPR,0.01311170761924427
test_results,resnet_base384_enhanced,positive_vs_negative,Edema,FNR,0.9602443517890041
test_results,resnet_base384_enhanced,positive_vs_negative,Edema,TNR,0.9868882923807557
test_results,resnet_base384_enhanced,positive_vs_negative,Edema,Precision,0.5189393939393939
test_results,resnet_base384_enhanced,positive_vs_negative,Edema,Recall,0.039848749272833044
test_results,resnet_base384_enhanced,positive_vs_negative,Edema,BER,0.4866780297041242
test_results,resnet_base384_enhanced,positive_vs_negative,Edema,F1 Score,0.07401404646137225
test_results,resnet_base384_enhanced,positive_vs_negative,Atelectasis,TP,38.0
test_results,resnet_base384_enhanced,positive_vs_negative,Atelectasis,FP,158.0
test_results,resnet_base384_enhanced,positive_vs_negative,Atelectasis,FN,6772.0
test_results,resnet_base384_enhanced,positive_vs_negative,Atelectasis,TN,32403.0
test_results,resnet_base384_enhanced,positive_vs_negative,Atelectasis,TPR,0.005580029368575624
test_results,resnet_base384_enhanced,positive_vs_negative,Atelectasis,FPR,0.004852430822149197
test_results,resnet_base384_enhanced,positive_vs_negative,Atelectasis,FNR,0.9944199706314244
test_results,resnet_base384_enhanced,positive_vs_negative,Atelectasis,TNR,0.9951475691778509
test_results,resnet_base384_enhanced,positive_vs_negative,Atelectasis,Precision,0.19796954314720813
test_results,resnet_base384_enhanced,positive_vs_negative,Atelectasis,Recall,0.00572603141976215
test_results,resnet_base384_enhanced,positive_vs_negative,Atelectasis,BER,0.49963620072678677
test_results,resnet_base384_enhanced,positive_vs_negative,Atelectasis,F1 Score,0.01113013698630137
test_results,resnet_base384_enhanced,positive_vs_negative,Pleural Effusion,TP,10667.0
test_results,resnet_base384_enhanced,positive_vs_negative,Pleural Effusion,FP,11803.0
test_results,resnet_base384_enhanced,positive_vs_negative,Pleural Effusion,FN,4099.0
test_results,resnet_base384_enhanced,positive_vs_negative,Pleural Effusion,TN,12802.0
test_results,resnet_base384_enhanced,positive_vs_negative,Pleural Effusion,TPR,0.7224028172829473
test_results,resnet_base384_enhanced,positive_vs_negative,Pleural Effusion,FPR,0.47969924812030074
test_results,resnet_base384_enhanced,positive_vs_negative,Pleural Effusion,FNR,0.2775971827170527
test_results,resnet_base384_enhanced,positive_vs_negative,Pleural Effusion,TNR,0.5203007518796993
test_results,resnet_base384_enhanced,positive_vs_negative,Pleural Effusion,Precision,0.47474522718170087
test_results,resnet_base384_enhanced,positive_vs_negative,Pleural Effusion,Recall,0.7224216157648812
test_results,resnet_base384_enhanced,positive_vs_negative,Pleural Effusion,BER,0.3786482154186767
test_results,resnet_base384_enhanced,positive_vs_negative,Pleural Effusion,F1 Score,0.5729631022074225
test_results,resnet_base384_enhanced,certain_vs_uncertain,Cardiomegaly,TPU,0.2865583456425406
test_results,resnet_base384_enhanced,certain_vs_uncertain,Cardiomegaly,FPU,0.27580503437225407
test_results,resnet_base384_enhanced,certain_vs_uncertain,Cardiomegaly,FNU,0.7134416543574594
test_results,resnet_base384_enhanced,certain_vs_uncertain,Cardiomegaly,TNU,0.618519667131855
test_results,resnet_base384_enhanced,certain_vs_uncertain,Cardiomegaly,FPU_AP,0.03413965989559105
test_results,resnet_base384_enhanced,certain_vs_uncertain,Cardiomegaly,FPU_AN,0.24166537447666303
test_results,resnet_base384_enhanced,certain_vs_uncertain,Cardiomegaly,TNU_AP,0.005556417015557967
test_results,resnet_base384_enhanced,certain_vs_uncertain,Cardiomegaly,TNU_AN,0.612963250116297
test_results,resnet_base384_enhanced,certain_vs_uncertain,Cardiomegaly,Precision,0.8234693427276552
test_results,resnet_base384_enhanced,certain_vs_uncertain,Cardiomegaly,Recall,0.6432791728212703
test_results,resnet_base384_enhanced,certain_vs_uncertain,Cardiomegaly,F1 Score,0.7223060695381376
test_results,resnet_base384_enhanced,certain_vs_uncertain,Consolidation,TPU,0.28167441860465114
test_results,resnet_base384_enhanced,certain_vs_uncertain,Consolidation,FPU,0.2655606541946111
test_results,resnet_base384_enhanced,certain_vs_uncertain,Consolidation,FNU,0.7183255813953489
test_results,resnet_base384_enhanced,certain_vs_uncertain,Consolidation,TNU,0.2671490763619249
test_results,resnet_base384_enhanced,certain_vs_uncertain,Consolidation,FPU_AP,0.015531238969290505
test_results,resnet_base384_enhanced,certain_vs_uncertain,Consolidation,FPU_AN,0.25002941522532063
test_results,resnet_base384_enhanced,certain_vs_uncertain,Consolidation,TNU_AP,0.037622073185080596
test_results,resnet_base384_enhanced,certain_vs_uncertain,Consolidation,TNU_AN,0.22952700317684432
test_results,resnet_base384_enhanced,certain_vs_uncertain,Consolidation,Precision,0.8283643779389268
test_results,resnet_base384_enhanced,certain_vs_uncertain,Consolidation,Recall,0.6408372093023256
test_results,resnet_base384_enhanced,certain_vs_uncertain,Consolidation,F1 Score,0.7226329196126443
test_results,resnet_base384_enhanced,certain_vs_uncertain,Edema,TPU,0.43404598628479224
test_results,resnet_base384_enhanced,certain_vs_uncertain,Edema,FPU,0.302911200260219
test_results,resnet_base384_enhanced,certain_vs_uncertain,Edema,FNU,0.5659540137152078
test_results,resnet_base384_enhanced,certain_vs_uncertain,Edema,TNU,0.537514908381221
test_results,resnet_base384_enhanced,certain_vs_uncertain,Edema,FPU_AP,0.11745093787270953
test_results,resnet_base384_enhanced,certain_vs_uncertain,Edema,FPU_AN,0.18546026238750948
test_results,resnet_base384_enhanced,certain_vs_uncertain,Edema,TNU_AP,0.011113520546459938
test_results,resnet_base384_enhanced,certain_vs_uncertain,Edema,TNU_AN,0.526401387834761
test_results,resnet_base384_enhanced,certain_vs_uncertain,Edema,Precision,0.8256081366848536
test_results,resnet_base384_enhanced,certain_vs_uncertain,Edema,Recall,0.7170229931423961
test_results,resnet_base384_enhanced,certain_vs_uncertain,Edema,F1 Score,0.7674939340745479
test_results,resnet_base384_enhanced,certain_vs_uncertain,Atelectasis,TPU,0.6280034324942791
test_results,resnet_base384_enhanced,certain_vs_uncertain,Atelectasis,FPU,0.5818586120633744
test_results,resnet_base384_enhanced,certain_vs_uncertain,Atelectasis,FNU,0.3719965675057208
test_results,resnet_base384_enhanced,certain_vs_uncertain,Atelectasis,TNU,0.3373482812934309
test_results,resnet_base384_enhanced,certain_vs_uncertain,Atelectasis,FPU_AP,0.13221532474752154
test_results,resnet_base384_enhanced,certain_vs_uncertain,Atelectasis,FPU_AN,0.4496432873158529
test_results,resnet_base384_enhanced,certain_vs_uncertain,Atelectasis,TNU_AP,0.0011736001729516045
test_results,resnet_base384_enhanced,certain_vs_uncertain,Atelectasis,TNU_AN,0.3361746811204793
test_results,resnet_base384_enhanced,certain_vs_uncertain,Atelectasis,Precision,0.7366991240487843
test_results,resnet_base384_enhanced,certain_vs_uncertain,Atelectasis,Recall,0.8140017162471396
test_results,resnet_base384_enhanced,certain_vs_uncertain,Atelectasis,F1 Score,0.7734236491663182
test_results,resnet_base384_enhanced,certain_vs_uncertain,Pleural Effusion,TPU,0.218925421010425
test_results,resnet_base384_enhanced,certain_vs_uncertain,Pleural Effusion,FPU,0.21325149512118352
test_results,resnet_base384_enhanced,certain_vs_uncertain,Pleural Effusion,FNU,0.781074578989575
test_results,resnet_base384_enhanced,certain_vs_uncertain,Pleural Effusion,TNU,0.447906830343091
test_results,resnet_base384_enhanced,certain_vs_uncertain,Pleural Effusion,FPU_AP,0.058939250865596475
test_results,resnet_base384_enhanced,certain_vs_uncertain,Pleural Effusion,FPU_AN,0.15431224425558704
test_results,resnet_base384_enhanced,certain_vs_uncertain,Pleural Effusion,TNU_AP,0.27979750288532157
test_results,resnet_base384_enhanced,certain_vs_uncertain,Pleural Effusion,TNU_AN,0.16810932745776938
test_results,resnet_base384_enhanced,certain_vs_uncertain,Pleural Effusion,Precision,0.851099754004423
test_results,resnet_base384_enhanced,certain_vs_uncertain,Pleural Effusion,Recall,0.6094627105052125
test_results,resnet_base384_enhanced,certain_vs_uncertain,Pleural Effusion,F1 Score,0.7102928845429509
test_results,densenet_base384,positive_vs_negative,Cardiomegaly,TP,2236.0
test_results,densenet_base384,positive_vs_negative,Cardiomegaly,FP,9838.0
test_results,densenet_base384,positive_vs_negative,Cardiomegaly,FN,2524.0
test_results,densenet_base384,positive_vs_negative,Cardiomegaly,TN,24773.0
test_results,densenet_base384,positive_vs_negative,Cardiomegaly,TPR,0.46974789915966386
test_results,densenet_base384,positive_vs_negative,Cardiomegaly,FPR,0.2842448932420329
test_results,densenet_base384,positive_vs_negative,Cardiomegaly,FNR,0.5302521008403361
test_results,densenet_base384,positive_vs_negative,Cardiomegaly,TNR,0.7157551067579672
test_results,densenet_base384,positive_vs_negative,Cardiomegaly,Precision,0.18525879917184265
test_results,densenet_base384,positive_vs_negative,Cardiomegaly,Recall,0.4698592732619198
test_results,densenet_base384,positive_vs_negative,Cardiomegaly,BER,0.4072484970411845
test_results,densenet_base384,positive_vs_negative,Cardiomegaly,F1 Score,0.2657400807792825
test_results,densenet_base384,positive_vs_negative,Consolidation,TP,459.0
test_results,densenet_base384,positive_vs_negative,Consolidation,FP,3813.0
test_results,densenet_base384,positive_vs_negative,Consolidation,FN,1790.0
test_results,densenet_base384,positive_vs_negative,Consolidation,TN,33309.0
test_results,densenet_base384,positive_vs_negative,Consolidation,TPR,0.2040907069808804
test_results,densenet_base384,positive_vs_negative,Consolidation,FPR,0.10271537093906578
test_results,densenet_base384,positive_vs_negative,Consolidation,FNR,0.7959092930191196
test_results,densenet_base384,positive_vs_negative,Consolidation,TNR,0.8972846290609342
test_results,densenet_base384,positive_vs_negative,Consolidation,Precision,0.10765270301895624
test_results,densenet_base384,positive_vs_negative,Consolidation,Recall,0.20444444444444446
test_results,densenet_base384,positive_vs_negative,Consolidation,BER,0.4493123319790927
test_results,densenet_base384,positive_vs_negative,Consolidation,F1 Score,0.14103939904951712
test_results,densenet_base384,positive_vs_negative,Edema,TP,3811.0
test_results,densenet_base384,positive_vs_negative,Edema,FP,5408.0
test_results,densenet_base384,positive_vs_negative,Edema,FN,6502.0
test_results,densenet_base384,positive_vs_negative,Edema,TN,23650.0
test_results,densenet_base384,positive_vs_negative,Edema,TPR,0.3695335983709881
test_results,densenet_base384,positive_vs_negative,Edema,FPR,0.18611053754559845
test_results,densenet_base384,positive_vs_negative,Edema,FNR,0.6304664016290119
test_results,densenet_base384,positive_vs_negative,Edema,TNR,0.8138894624544015
test_results,densenet_base384,positive_vs_negative,Edema,Precision,0.4134490238611714
test_results,densenet_base384,positive_vs_negative,Edema,Recall,0.36959472561566803
test_results,densenet_base384,positive_vs_negative,Edema,BER,0.4082884695873052
test_results,densenet_base384,positive_vs_negative,Edema,F1 Score,0.39029384662639505
test_results,densenet_base384,positive_vs_negative,Atelectasis,TP,83.0
test_results,densenet_base384,positive_vs_negative,Atelectasis,FP,299.0
test_results,densenet_base384,positive_vs_negative,Atelectasis,FN,6727.0
test_results,densenet_base384,positive_vs_negative,Atelectasis,TN,32262.0
test_results,densenet_base384,positive_vs_negative,Atelectasis,TPR,0.012187958883994127
test_results,densenet_base384,positive_vs_negative,Atelectasis,FPR,0.009182764657105125
test_results,densenet_base384,positive_vs_negative,Atelectasis,FNR,0.9878120411160058
test_results,densenet_base384,positive_vs_negative,Atelectasis,TNR,0.9908172353428949
test_results,densenet_base384,positive_vs_negative,Atelectasis,Precision,0.2193211488250653
test_results,densenet_base384,positive_vs_negative,Atelectasis,Recall,0.012332990750256937
test_results,densenet_base384,positive_vs_negative,Atelectasis,BER,0.4984974028865555
test_results,densenet_base384,positive_vs_negative,Atelectasis,F1 Score,0.023352793994995832
test_results,densenet_base384,positive_vs_negative,Pleural Effusion,TP,7062.0
test_results,densenet_base384,positive_vs_negative,Pleural Effusion,FP,5830.0
test_results,densenet_base384,positive_vs_negative,Pleural Effusion,FN,7704.0
test_results,densenet_base384,positive_vs_negative,Pleural Effusion,TN,18775.0
test_results,densenet_base384,positive_vs_negative,Pleural Effusion,TPR,0.4782608695652174
test_results,densenet_base384,positive_vs_negative,Pleural Effusion,FPR,0.23694371062792116
test_results,densenet_base384,positive_vs_negative,Pleural Effusion,FNR,0.5217391304347826
test_results,densenet_base384,positive_vs_negative,Pleural Effusion,TNR,0.7630562893720788
test_results,densenet_base384,positive_vs_negative,Pleural Effusion,Precision,0.5478166446909175
test_results,densenet_base384,positive_vs_negative,Pleural Effusion,Recall,0.478296200988691
test_results,densenet_base384,positive_vs_negative,Pleural Effusion,BER,0.3793414205313519
test_results,densenet_base384,positive_vs_negative,Pleural Effusion,F1 Score,0.5107013738250181
test_results,densenet_base384,certain_vs_uncertain,Cardiomegaly,TPU,0.395864106351551
test_results,densenet_base384,certain_vs_uncertain,Cardiomegaly,FPU,0.3884840026877552
test_results,densenet_base384,certain_vs_uncertain,Cardiomegaly,FNU,0.6041358936484491
test_results,densenet_base384,certain_vs_uncertain,Cardiomegaly,TNU,0.3391481883496149
test_results,densenet_base384,certain_vs_uncertain,Cardiomegaly,FPU_AP,0.041039954514911874
test_results,densenet_base384,certain_vs_uncertain,Cardiomegaly,FPU_AN,0.3474440481728433
test_results,densenet_base384,certain_vs_uncertain,Cardiomegaly,TNU_AP,0.057786736961802865
test_results,densenet_base384,certain_vs_uncertain,Cardiomegaly,TNU_AN,0.28136145138781204
test_results,densenet_base384,certain_vs_uncertain,Cardiomegaly,Precision,0.7822823916926642
test_results,densenet_base384,certain_vs_uncertain,Cardiomegaly,Recall,0.6979320531757756
test_results,densenet_base384,certain_vs_uncertain,Cardiomegaly,F1 Score,0.7377038613426633
test_results,densenet_base384,certain_vs_uncertain,Consolidation,TPU,0.8280930232558139
test_results,densenet_base384,certain_vs_uncertain,Consolidation,FPU,0.7856806683139194
test_results,densenet_base384,certain_vs_uncertain,Consolidation,FNU,0.17190697674418604
test_results,densenet_base384,certain_vs_uncertain,Consolidation,TNU,0.1131015413578068
test_results,densenet_base384,certain_vs_uncertain,Consolidation,FPU_AP,0.04712319096364278
test_results,densenet_base384,certain_vs_uncertain,Consolidation,FPU_AN,0.7385574773502765
test_results,densenet_base384,certain_vs_uncertain,Consolidation,TNU_AP,0.013501588422167313
test_results,densenet_base384,certain_vs_uncertain,Consolidation,TNU_AN,0.09959995293563949
test_results,densenet_base384,certain_vs_uncertain,Consolidation,Precision,0.6994075382853558
test_results,densenet_base384,certain_vs_uncertain,Consolidation,Recall,0.914046511627907
test_results,densenet_base384,certain_vs_uncertain,Consolidation,F1 Score,0.7924502350846109
test_results,densenet_base384,certain_vs_uncertain,Edema,TPU,0.5510286405808794
test_results,densenet_base384,certain_vs_uncertain,Edema,FPU,0.3425132820123604
test_results,densenet_base384,certain_vs_uncertain,Edema,FNU,0.4489713594191206
test_results,densenet_base384,certain_vs_uncertain,Edema,TNU,0.4694513715710723
test_results,densenet_base384,certain_vs_uncertain,Edema,FPU_AP,0.11923994361921285
test_results,densenet_base384,certain_vs_uncertain,Edema,FPU_AN,0.22327333839314759
test_results,densenet_base384,certain_vs_uncertain,Edema,TNU_AP,0.10330152878672884
test_results,densenet_base384,certain_vs_uncertain,Edema,TNU_AN,0.3661498427843435
test_results,densenet_base384,certain_vs_uncertain,Edema,Precision,0.8191150256957173
test_results,densenet_base384,certain_vs_uncertain,Edema,Recall,0.7755143202904398
test_results,densenet_base384,certain_vs_uncertain,Edema,F1 Score,0.7967186029669553
test_results,densenet_base384,certain_vs_uncertain,Atelectasis,TPU,0.9294908466819222
test_results,densenet_base384,certain_vs_uncertain,Atelectasis,FPU,0.8965687637048705
test_results,densenet_base384,certain_vs_uncertain,Atelectasis,FNU,0.0705091533180778
test_results,densenet_base384,certain_vs_uncertain,Atelectasis,TNU,0.08375799129065135
test_results,densenet_base384,certain_vs_uncertain,Atelectasis,FPU_AP,0.19571327094721888
test_results,densenet_base384,certain_vs_uncertain,Atelectasis,FPU_AN,0.7008554927576516
test_results,densenet_base384,certain_vs_uncertain,Atelectasis,TNU_AP,0.0025633898514469257
test_results,densenet_base384,certain_vs_uncertain,Atelectasis,TNU_AN,0.08119460143920443
test_results,densenet_base384,certain_vs_uncertain,Atelectasis,Precision,0.6827495214857976
test_results,densenet_base384,certain_vs_uncertain,Atelectasis,Recall,0.9647454233409611
test_results,densenet_base384,certain_vs_uncertain,Atelectasis,F1 Score,0.7996133502077817
test_results,densenet_base384,certain_vs_uncertain,Pleural Effusion,TPU,0.11387329591018444
test_results,densenet_base384,certain_vs_uncertain,Pleural Effusion,FPU,0.09301227573182248
test_results,densenet_base384,certain_vs_uncertain,Pleural Effusion,FNU,0.8861267040898155
test_results,densenet_base384,certain_vs_uncertain,Pleural Effusion,TNU,0.5908351694470675
test_results,densenet_base384,certain_vs_uncertain,Pleural Effusion,FPU_AP,0.027122022872731088
test_results,densenet_base384,certain_vs_uncertain,Pleural Effusion,FPU_AN,0.06589025285909139
test_results,densenet_base384,certain_vs_uncertain,Pleural Effusion,TNU_AP,0.18523764557758893
test_results,densenet_base384,certain_vs_uncertain,Pleural Effusion,TNU_AN,0.40559752386947856
test_results,densenet_base384,certain_vs_uncertain,Pleural Effusion,Precision,0.9229319846741757
test_results,densenet_base384,certain_vs_uncertain,Pleural Effusion,Recall,0.5569366479550922
test_results,densenet_base384,certain_vs_uncertain,Pleural Effusion,F1 Score,0.6946760469160446
test_results,densenet_base384_enhanced,positive_vs_negative,Cardiomegaly,TP,1336.0
test_results,densenet_base384_enhanced,positive_vs_negative,Cardiomegaly,FP,4658.0
test_results,densenet_base384_enhanced,positive_vs_negative,Cardiomegaly,FN,3424.0
test_results,densenet_base384_enhanced,positive_vs_negative,Cardiomegaly,TN,29953.0
test_results,densenet_base384_enhanced,positive_vs_negative,Cardiomegaly,TPR,0.280672268907563
test_results,densenet_base384_enhanced,positive_vs_negative,Cardiomegaly,FPR,0.13458149143335935
test_results,densenet_base384_enhanced,positive_vs_negative,Cardiomegaly,FNR,0.719327731092437
test_results,densenet_base384_enhanced,positive_vs_negative,Cardiomegaly,TNR,0.8654185085666407
test_results,densenet_base384_enhanced,positive_vs_negative,Cardiomegaly,Precision,0.22301918265221019
test_results,densenet_base384_enhanced,positive_vs_negative,Cardiomegaly,Recall,0.28082335643772316
test_results,densenet_base384_enhanced,positive_vs_negative,Cardiomegaly,BER,0.42695461126289813
test_results,densenet_base384_enhanced,positive_vs_negative,Cardiomegaly,F1 Score,0.24860542952770548
test_results,densenet_base384_enhanced,positive_vs_negative,Consolidation,TP,576.0
test_results,densenet_base384_enhanced,positive_vs_negative,Consolidation,FP,4808.0
test_results,densenet_base384_enhanced,positive_vs_negative,Consolidation,FN,1673.0
test_results,densenet_base384_enhanced,positive_vs_negative,Consolidation,TN,32314.0
test_results,densenet_base384_enhanced,positive_vs_negative,Consolidation,TPR,0.25611382836816365
test_results,densenet_base384_enhanced,positive_vs_negative,Consolidation,FPR,0.12951888368083617
test_results,densenet_base384_enhanced,positive_vs_negative,Consolidation,FNR,0.7438861716318363
test_results,densenet_base384_enhanced,positive_vs_negative,Consolidation,TNR,0.8704811163191638
test_results,densenet_base384_enhanced,positive_vs_negative,Consolidation,Precision,0.10714948932219127
test_results,densenet_base384_enhanced,positive_vs_negative,Consolidation,Recall,0.2564444444444444
test_results,densenet_base384_enhanced,positive_vs_negative,Consolidation,BER,0.43670252765633627
test_results,densenet_base384_enhanced,positive_vs_negative,Consolidation,F1 Score,0.15114603798297316
test_results,densenet_base384_enhanced,positive_vs_negative,Edema,TP,2896.0
test_results,densenet_base384_enhanced,positive_vs_negative,Edema,FP,3371.0
test_results,densenet_base384_enhanced,positive_vs_negative,Edema,FN,7417.0
test_results,densenet_base384_enhanced,positive_vs_negative,Edema,TN,25687.0
test_results,densenet_base384_enhanced,positive_vs_negative,Edema,TPR,0.28081062736352175
test_results,densenet_base384_enhanced,positive_vs_negative,Edema,FPR,0.1160093605891665
test_results,densenet_base384_enhanced,positive_vs_negative,Edema,FNR,0.7191893726364782
test_results,densenet_base384_enhanced,positive_vs_negative,Edema,TNR,0.8839906394108336
test_results,densenet_base384_enhanced,positive_vs_negative,Edema,Precision,0.4621888959795788
test_results,densenet_base384_enhanced,positive_vs_negative,Edema,Recall,0.2808803567965872
test_results,densenet_base384_enhanced,positive_vs_negative,Edema,BER,0.4175993666128224
test_results,densenet_base384_enhanced,positive_vs_negative,Edema,F1 Score,0.34941502834398747
test_results,densenet_base384_enhanced,positive_vs_negative,Atelectasis,TP,581.0
test_results,densenet_base384_enhanced,positive_vs_negative,Atelectasis,FP,1831.0
test_results,densenet_base384_enhanced,positive_vs_negative,Atelectasis,FN,6229.0
test_results,densenet_base384_enhanced,positive_vs_negative,Atelectasis,TN,30730.0
test_results,densenet_base384_enhanced,positive_vs_negative,Atelectasis,TPR,0.08531571218795889
test_results,densenet_base384_enhanced,positive_vs_negative,Atelectasis,FPR,0.05623291667946316
test_results,densenet_base384_enhanced,positive_vs_negative,Atelectasis,FNR,0.9146842878120411
test_results,densenet_base384_enhanced,positive_vs_negative,Atelectasis,TNR,0.9437670833205368
test_results,densenet_base384_enhanced,positive_vs_negative,Atelectasis,Precision,0.24119353501864899
test_results,densenet_base384_enhanced,positive_vs_negative,Atelectasis,Recall,0.08545000734106592
test_results,densenet_base384_enhanced,positive_vs_negative,Atelectasis,BER,0.48545860224575216
test_results,densenet_base384_enhanced,positive_vs_negative,Atelectasis,F1 Score,0.1261925411968777
test_results,densenet_base384_enhanced,positive_vs_negative,Pleural Effusion,TP,6784.0
test_results,densenet_base384_enhanced,positive_vs_negative,Pleural Effusion,FP,5190.0
test_results,densenet_base384_enhanced,positive_vs_negative,Pleural Effusion,FN,7982.0
test_results,densenet_base384_enhanced,positive_vs_negative,Pleural Effusion,TN,19415.0
test_results,densenet_base384_enhanced,positive_vs_negative,Pleural Effusion,TPR,0.4594338344846268
test_results,densenet_base384_enhanced,positive_vs_negative,Pleural Effusion,FPR,0.21093273724852674
test_results,densenet_base384_enhanced,positive_vs_negative,Pleural Effusion,FNR,0.5405661655153732
test_results,densenet_base384_enhanced,positive_vs_negative,Pleural Effusion,TNR,0.7890672627514733
test_results,densenet_base384_enhanced,positive_vs_negative,Pleural Effusion,Precision,0.5665970772442589
test_results,densenet_base384_enhanced,positive_vs_negative,Pleural Effusion,Recall,0.4594704408478364
test_results,densenet_base384_enhanced,positive_vs_negative,Pleural Effusion,BER,0.37574945138194993
test_results,densenet_base384_enhanced,positive_vs_negative,Pleural Effusion,F1 Score,0.507441477825144
test_results,densenet_base384_enhanced,certain_vs_uncertain,Cardiomegaly,TPU,0.26292466765140327
test_results,densenet_base384_enhanced,certain_vs_uncertain,Cardiomegaly,FPU,0.21199669199359072
test_results,densenet_base384_enhanced,certain_vs_uncertain,Cardiomegaly,FNU,0.7370753323485968
test_results,densenet_base384_enhanced,certain_vs_uncertain,Cardiomegaly,TNU,0.609887837907686
test_results,densenet_base384_enhanced,certain_vs_uncertain,Cardiomegaly,FPU_AP,0.027859616478006926
test_results,densenet_base384_enhanced,certain_vs_uncertain,Cardiomegaly,FPU_AN,0.1841370755155838
test_results,densenet_base384_enhanced,certain_vs_uncertain,Cardiomegaly,TNU_AP,0.034527316896676485
test_results,densenet_base384_enhanced,certain_vs_uncertain,Cardiomegaly,TNU_AN,0.5753605210110094
test_results,densenet_base384_enhanced,certain_vs_uncertain,Cardiomegaly,Precision,0.8562657658950595
test_results,densenet_base384_enhanced,certain_vs_uncertain,Cardiomegaly,Recall,0.6314623338257016
test_results,densenet_base384_enhanced,certain_vs_uncertain,Cardiomegaly,F1 Score,0.7268795675885031
test_results,densenet_base384_enhanced,certain_vs_uncertain,Consolidation,TPU,0.728
test_results,densenet_base384_enhanced,certain_vs_uncertain,Consolidation,FPU,0.6678726909048124
test_results,densenet_base384_enhanced,certain_vs_uncertain,Consolidation,FNU,0.272
test_results,densenet_base384_enhanced,certain_vs_uncertain,Consolidation,TNU,0.2018472761501353
test_results,densenet_base384_enhanced,certain_vs_uncertain,Consolidation,FPU_AP,0.039475232380280036
test_results,densenet_base384_enhanced,certain_vs_uncertain,Consolidation,FPU_AN,0.6283974585245323
test_results,densenet_base384_enhanced,certain_vs_uncertain,Consolidation,TNU_AP,0.01694316978468055
test_results,densenet_base384_enhanced,certain_vs_uncertain,Consolidation,TNU_AN,0.18490410636545476
test_results,densenet_base384_enhanced,certain_vs_uncertain,Consolidation,Precision,0.7212403257317537
test_results,densenet_base384_enhanced,certain_vs_uncertain,Consolidation,Recall,0.864
test_results,densenet_base384_enhanced,certain_vs_uncertain,Consolidation,F1 Score,0.7861920130559202
test_results,densenet_base384_enhanced,certain_vs_uncertain,Edema,TPU,0.4901169826542961
test_results,densenet_base384_enhanced,certain_vs_uncertain,Edema,FPU,0.2609237775127399
test_results,densenet_base384_enhanced,certain_vs_uncertain,Edema,FNU,0.5098830173457038
test_results,densenet_base384_enhanced,certain_vs_uncertain,Edema,TNU,0.5590371896346091
test_results,densenet_base384_enhanced,certain_vs_uncertain,Edema,FPU_AP,0.1015938414832484
test_results,densenet_base384_enhanced,certain_vs_uncertain,Edema,FPU_AN,0.1593299360294915
test_results,densenet_base384_enhanced,certain_vs_uncertain,Edema,TNU_AP,0.07849940366475117
test_results,densenet_base384_enhanced,certain_vs_uncertain,Edema,TNU_AN,0.48053778596985797
test_results,densenet_base384_enhanced,certain_vs_uncertain,Edema,Precision,0.8509893182110452
test_results,densenet_base384_enhanced,certain_vs_uncertain,Edema,Recall,0.7450584913271481
test_results,densenet_base384_enhanced,certain_vs_uncertain,Edema,F1 Score,0.7945085526545652
test_results,densenet_base384_enhanced,certain_vs_uncertain,Atelectasis,TPU,0.7959096109839817
test_results,densenet_base384_enhanced,certain_vs_uncertain,Atelectasis,FPU,0.7354766978597239
test_results,densenet_base384_enhanced,certain_vs_uncertain,Atelectasis,FNU,0.20409038901601834
test_results,densenet_base384_enhanced,certain_vs_uncertain,Atelectasis,TNU,0.1889496278452083
test_results,densenet_base384_enhanced,certain_vs_uncertain,Atelectasis,FPU_AP,0.16334661354581673
test_results,densenet_base384_enhanced,certain_vs_uncertain,Atelectasis,FPU_AN,0.5721300843139072
test_results,densenet_base384_enhanced,certain_vs_uncertain,Atelectasis,TNU_AP,0.01794372896012848
test_results,densenet_base384_enhanced,certain_vs_uncertain,Atelectasis,TNU_AN,0.17100589888507983
test_results,densenet_base384_enhanced,certain_vs_uncertain,Atelectasis,Precision,0.7094569504108295
test_results,densenet_base384_enhanced,certain_vs_uncertain,Atelectasis,Recall,0.8979548054919908
test_results,densenet_base384_enhanced,certain_vs_uncertain,Atelectasis,F1 Score,0.7926535009734149
test_results,densenet_base384_enhanced,certain_vs_uncertain,Pleural Effusion,TPU,0.30874097834803527
test_results,densenet_base384_enhanced,certain_vs_uncertain,Pleural Effusion,FPU,0.25060329451264296
test_results,densenet_base384_enhanced,certain_vs_uncertain,Pleural Effusion,FNU,0.6912590216519647
test_results,densenet_base384_enhanced,certain_vs_uncertain,Pleural Effusion,TNU,0.49336376036092755
test_results,densenet_base384_enhanced,certain_vs_uncertain,Pleural Effusion,FPU_AP,0.07871681880180463
test_results,densenet_base384_enhanced,certain_vs_uncertain,Pleural Effusion,FPU_AN,0.17188647571083832
test_results,densenet_base384_enhanced,certain_vs_uncertain,Pleural Effusion,TNU_AP,0.17794565103346974
test_results,densenet_base384_enhanced,certain_vs_uncertain,Pleural Effusion,TNU_AN,0.3154181093274578
test_results,densenet_base384_enhanced,certain_vs_uncertain,Pleural Effusion,Precision,0.8392893096962472
test_results,densenet_base384_enhanced,certain_vs_uncertain,Pleural Effusion,Recall,0.6543704891740176
test_results,densenet_base384_enhanced,certain_vs_uncertain,Pleural Effusion,F1 Score,0.735383193093703
test_results,resnet_base512,positive_vs_negative,Cardiomegaly,TP,476.0
test_results,resnet_base512,positive_vs_negative,Cardiomegaly,FP,1173.0
test_results,resnet_base512,positive_vs_negative,Cardiomegaly,FN,4284.0
test_results,resnet_base512,positive_vs_negative,Cardiomegaly,TN,33438.0
test_results,resnet_base512,positive_vs_negative,Cardiomegaly,TPR,0.1
test_results,resnet_base512,positive_vs_negative,Cardiomegaly,FPR,0.03389095952153939
test_results,resnet_base512,positive_vs_negative,Cardiomegaly,FNR,0.9
test_results,resnet_base512,positive_vs_negative,Cardiomegaly,TNR,0.9661090404784606
test_results,resnet_base512,positive_vs_negative,Cardiomegaly,Precision,0.28909090909090907
test_results,resnet_base512,positive_vs_negative,Cardiomegaly,Recall,0.1001890359168242
test_results,resnet_base512,positive_vs_negative,Cardiomegaly,BER,0.4669454797607697
test_results,resnet_base512,positive_vs_negative,Cardiomegaly,F1 Score,0.14880673841834346
test_results,resnet_base512,positive_vs_negative,Consolidation,TP,667.0
test_results,resnet_base512,positive_vs_negative,Consolidation,FP,7020.0
test_results,resnet_base512,positive_vs_negative,Consolidation,FN,1582.0
test_results,resnet_base512,positive_vs_negative,Consolidation,TN,30102.0
test_results,resnet_base512,positive_vs_negative,Consolidation,TPR,0.2965762561138284
test_results,resnet_base512,positive_vs_negative,Consolidation,FPR,0.1891061903992242
test_results,resnet_base512,positive_vs_negative,Consolidation,FNR,0.7034237438861717
test_results,resnet_base512,positive_vs_negative,Consolidation,TNR,0.8108938096007758
test_results,resnet_base512,positive_vs_negative,Consolidation,Precision,0.08688865764828303
test_results,resnet_base512,positive_vs_negative,Consolidation,Recall,0.29688888888888887
test_results,resnet_base512,positive_vs_negative,Consolidation,BER,0.4462649671426979
test_results,resnet_base512,positive_vs_negative,Consolidation,F1 Score,0.13443348762326424
test_results,resnet_base512,positive_vs_negative,Edema,TP,3088.0
test_results,resnet_base512,positive_vs_negative,Edema,FP,4574.0
test_results,resnet_base512,positive_vs_negative,Edema,FN,7225.0
test_results,resnet_base512,positive_vs_negative,Edema,TN,24484.0
test_results,resnet_base512,positive_vs_negative,Edema,TPR,0.2994279065257442
test_results,resnet_base512,positive_vs_negative,Edema,FPR,0.15740931929244958
test_results,resnet_base512,positive_vs_negative,Edema,FNR,0.7005720934742558
test_results,resnet_base512,positive_vs_negative,Edema,TNR,0.8425906807075504
test_results,resnet_base512,positive_vs_negative,Edema,Precision,0.40310583322458565
test_results,resnet_base512,positive_vs_negative,Edema,Recall,0.2994958309094435
test_results,resnet_base512,positive_vs_negative,Edema,BER,0.4289907063833527
test_results,resnet_base512,positive_vs_negative,Edema,F1 Score,0.3436613450520109
test_results,resnet_base512,positive_vs_negative,Atelectasis,TP,466.0
test_results,resnet_base512,positive_vs_negative,Atelectasis,FP,1675.0
test_results,resnet_base512,positive_vs_negative,Atelectasis,FN,6344.0
test_results,resnet_base512,positive_vs_negative,Atelectasis,TN,30886.0
test_results,resnet_base512,positive_vs_negative,Atelectasis,TPR,0.0684287812041116
test_results,resnet_base512,positive_vs_negative,Atelectasis,FPR,0.051441909032277876
test_results,resnet_base512,positive_vs_negative,Atelectasis,FNR,0.9315712187958884
test_results,resnet_base512,positive_vs_negative,Atelectasis,TNR,0.9485580909677221
test_results,resnet_base512,positive_vs_negative,Atelectasis,Precision,0.21802054154995332
test_results,resnet_base512,positive_vs_negative,Atelectasis,Recall,0.06856555571869036
test_results,resnet_base512,positive_vs_negative,Atelectasis,BER,0.49150656391408315
test_results,resnet_base512,positive_vs_negative,Atelectasis,F1 Score,0.1043225734390707
test_results,resnet_base512,positive_vs_negative,Pleural Effusion,TP,10524.0
test_results,resnet_base512,positive_vs_negative,Pleural Effusion,FP,9648.0
test_results,resnet_base512,positive_vs_negative,Pleural Effusion,FN,4242.0
test_results,resnet_base512,positive_vs_negative,Pleural Effusion,TN,14957.0
test_results,resnet_base512,positive_vs_negative,Pleural Effusion,TPR,0.7127184071515644
test_results,resnet_base512,positive_vs_negative,Pleural Effusion,FPR,0.3921154236943711
test_results,resnet_base512,positive_vs_negative,Pleural Effusion,FNR,0.2872815928484356
test_results,resnet_base512,positive_vs_negative,Pleural Effusion,TNR,0.607884576305629
test_results,resnet_base512,positive_vs_negative,Pleural Effusion,Precision,0.5217369751648243
test_results,resnet_base512,positive_vs_negative,Pleural Effusion,Recall,0.7127378614478228
test_results,resnet_base512,positive_vs_negative,Pleural Effusion,BER,0.33969850827140335
test_results,resnet_base512,positive_vs_negative,Pleural Effusion,F1 Score,0.6024613623354321
test_results,resnet_base512,certain_vs_uncertain,Cardiomegaly,TPU,0.0029542097488921715
test_results,resnet_base512,certain_vs_uncertain,Cardiomegaly,FPU,0.0057631674161368685
test_results,resnet_base512,certain_vs_uncertain,Cardiomegaly,FNU,0.9970457902511078
test_results,resnet_base512,certain_vs_uncertain,Cardiomegaly,TNU,0.8550679691941903
test_results,resnet_base512,certain_vs_uncertain,Cardiomegaly,FPU_AP,0.0009820644027497803
test_results,resnet_base512,certain_vs_uncertain,Cardiomegaly,FPU_AN,0.004781103013387088
test_results,resnet_base512,certain_vs_uncertain,Cardiomegaly,TNU_AP,0.012301648834444616
test_results,resnet_base512,certain_vs_uncertain,Cardiomegaly,TNU_AN,0.8427663203597456
test_results,resnet_base512,certain_vs_uncertain,Cardiomegaly,Precision,0.9942866381143011
test_results,resnet_base512,certain_vs_uncertain,Cardiomegaly,Recall,0.5014771048744461
test_results,resnet_base512,certain_vs_uncertain,Cardiomegaly,F1 Score,0.6666988513849235
test_results,resnet_base512,certain_vs_uncertain,Consolidation,TPU,0.6180465116279069
test_results,resnet_base512,certain_vs_uncertain,Consolidation,FPU,0.5606541946111308
test_results,resnet_base512,certain_vs_uncertain,Consolidation,FNU,0.381953488372093
test_results,resnet_base512,certain_vs_uncertain,Consolidation,TNU,0.25335333568655133
test_results,resnet_base512,certain_vs_uncertain,Consolidation,FPU_AP,0.03526885515943052
test_results,resnet_base512,certain_vs_uncertain,Consolidation,FPU_AN,0.5253853394517002
test_results,resnet_base512,certain_vs_uncertain,Consolidation,TNU_AP,0.019619955288857512
test_results,resnet_base512,certain_vs_uncertain,Consolidation,TNU_AN,0.23373338039769384
test_results,resnet_base512,certain_vs_uncertain,Consolidation,Precision,0.7426658039786681
test_results,resnet_base512,certain_vs_uncertain,Consolidation,Recall,0.8090232558139534
test_results,resnet_base512,certain_vs_uncertain,Consolidation,F1 Score,0.7744256530323271
test_results,resnet_base512,certain_vs_uncertain,Edema,TPU,0.572811617587737
test_results,resnet_base512,certain_vs_uncertain,Edema,FPU,0.42806028407242763
test_results,resnet_base512,certain_vs_uncertain,Edema,FNU,0.427188382412263
test_results,resnet_base512,certain_vs_uncertain,Edema,TNU,0.39713216957605985
test_results,resnet_base512,certain_vs_uncertain,Edema,FPU_AP,0.1313563916296216
test_results,resnet_base512,certain_vs_uncertain,Edema,FPU_AN,0.29670389244280604
test_results,resnet_base512,certain_vs_uncertain,Edema,TNU_AP,0.08370378401821534
test_results,resnet_base512,certain_vs_uncertain,Edema,TNU_AN,0.3134283855578445
test_results,resnet_base512,certain_vs_uncertain,Edema,Precision,0.7860631239224976
test_results,resnet_base512,certain_vs_uncertain,Edema,Recall,0.7864058087938686
test_results,resnet_base512,certain_vs_uncertain,Edema,F1 Score,0.7862344290178838
test_results,resnet_base512,certain_vs_uncertain,Atelectasis,TPU,0.7622997711670481
test_results,resnet_base512,certain_vs_uncertain,Atelectasis,FPU,0.7029247351678557
test_results,resnet_base512,certain_vs_uncertain,Atelectasis,FNU,0.23770022883295194
test_results,resnet_base512,certain_vs_uncertain,Atelectasis,TNU,0.2171469162111245
test_results,resnet_base512,certain_vs_uncertain,Atelectasis,FPU_AP,0.1584360233484666
test_results,resnet_base512,certain_vs_uncertain,Atelectasis,FPU_AN,0.5444887118193891
test_results,resnet_base512,certain_vs_uncertain,Atelectasis,TNU_AP,0.014392044226195992
test_results,resnet_base512,certain_vs_uncertain,Atelectasis,TNU_AN,0.2027548719849285
test_results,resnet_base512,certain_vs_uncertain,Atelectasis,Precision,0.714863805157889
test_results,resnet_base512,certain_vs_uncertain,Atelectasis,Recall,0.881149885583524
test_results,resnet_base512,certain_vs_uncertain,Atelectasis,F1 Score,0.7893443067271703
test_results,resnet_base512,certain_vs_uncertain,Pleural Effusion,TPU,0.14113873295910184
test_results,resnet_base512,certain_vs_uncertain,Pleural Effusion,FPU,0.11955723428811246
test_results,resnet_base512,certain_vs_uncertain,Pleural Effusion,FNU,0.8588612670408982
test_results,resnet_base512,certain_vs_uncertain,Pleural Effusion,TNU,0.568355891302067
test_results,resnet_base512,certain_vs_uncertain,Pleural Effusion,FPU_AP,0.03399433427762039
test_results,resnet_base512,certain_vs_uncertain,Pleural Effusion,FPU_AN,0.08556290001049208
test_results,resnet_base512,certain_vs_uncertain,Pleural Effusion,TNU_AP,0.2760465848284545
test_results,resnet_base512,certain_vs_uncertain,Pleural Effusion,TNU_AN,0.2923093064736124
test_results,resnet_base512,certain_vs_uncertain,Pleural Effusion,Precision,0.9051656883227991
test_results,resnet_base512,certain_vs_uncertain,Pleural Effusion,Recall,0.5705693664795509
test_results,resnet_base512,certain_vs_uncertain,Pleural Effusion,F1 Score,0.6999356851552697
test_results,resnet_base512_enhanced,positive_vs_negative,Cardiomegaly,TP,1026.0
test_results,resnet_base512_enhanced,positive_vs_negative,Cardiomegaly,FP,3707.0
test_results,resnet_base512_enhanced,positive_vs_negative,Cardiomegaly,FN,3734.0
test_results,resnet_base512_enhanced,positive_vs_negative,Cardiomegaly,TN,30904.0
test_results,resnet_base512_enhanced,positive_vs_negative,Cardiomegaly,TPR,0.21554621848739497
test_results,resnet_base512_enhanced,positive_vs_negative,Cardiomegaly,FPR,0.10710467770362024
test_results,resnet_base512_enhanced,positive_vs_negative,Cardiomegaly,FNR,0.784453781512605
test_results,resnet_base512_enhanced,positive_vs_negative,Cardiomegaly,TNR,0.8928953222963798
test_results,resnet_base512_enhanced,positive_vs_negative,Cardiomegaly,Precision,0.21694127587663709
test_results,resnet_base512_enhanced,positive_vs_negative,Cardiomegaly,Recall,0.21571098508716657
test_results,resnet_base512_enhanced,positive_vs_negative,Cardiomegaly,BER,0.4457792296081126
test_results,resnet_base512_enhanced,positive_vs_negative,Cardiomegaly,F1 Score,0.2163243812532912
test_results,resnet_base512_enhanced,positive_vs_negative,Consolidation,TP,445.0
test_results,resnet_base512_enhanced,positive_vs_negative,Consolidation,FP,5033.0
test_results,resnet_base512_enhanced,positive_vs_negative,Consolidation,FN,1804.0
test_results,resnet_base512_enhanced,positive_vs_negative,Consolidation,TN,32089.0
test_results,resnet_base512_enhanced,positive_vs_negative,Consolidation,TPR,0.19786571809693196
test_results,resnet_base512_enhanced,positive_vs_negative,Consolidation,FPR,0.13557997952696516
test_results,resnet_base512_enhanced,positive_vs_negative,Consolidation,FNR,0.802134281903068
test_results,resnet_base512_enhanced,positive_vs_negative,Consolidation,TNR,0.8644200204730349
test_results,resnet_base512_enhanced,positive_vs_negative,Consolidation,Precision,0.08140171564154043
test_results,resnet_base512_enhanced,positive_vs_negative,Consolidation,Recall,0.19822222222222222
test_results,resnet_base512_enhanced,positive_vs_negative,Consolidation,BER,0.46885713071501656
test_results,resnet_base512_enhanced,positive_vs_negative,Consolidation,F1 Score,0.1154094967007375
test_results,resnet_base512_enhanced,positive_vs_negative,Edema,TP,1770.0
test_results,resnet_base512_enhanced,positive_vs_negative,Edema,FP,1890.0
test_results,resnet_base512_enhanced,positive_vs_negative,Edema,FN,8543.0
test_results,resnet_base512_enhanced,positive_vs_negative,Edema,TN,27168.0
test_results,resnet_base512_enhanced,positive_vs_negative,Edema,TPR,0.17162804227673809
test_results,resnet_base512_enhanced,positive_vs_negative,Edema,FPR,0.06504232913483378
test_results,resnet_base512_enhanced,positive_vs_negative,Edema,FNR,0.8283719577232619
test_results,resnet_base512_enhanced,positive_vs_negative,Edema,TNR,0.9349576708651662
test_results,resnet_base512_enhanced,positive_vs_negative,Edema,Precision,0.4837476099426386
test_results,resnet_base512_enhanced,positive_vs_negative,Edema,Recall,0.1717083575722319
test_results,resnet_base512_enhanced,positive_vs_negative,Edema,BER,0.4467071434290478
test_results,resnet_base512_enhanced,positive_vs_negative,Edema,F1 Score,0.25345259391771013
test_results,resnet_base512_enhanced,positive_vs_negative,Atelectasis,TP,1112.0
test_results,resnet_base512_enhanced,positive_vs_negative,Atelectasis,FP,4001.0
test_results,resnet_base512_enhanced,positive_vs_negative,Atelectasis,FN,5698.0
test_results,resnet_base512_enhanced,positive_vs_negative,Atelectasis,TN,28560.0
test_results,resnet_base512_enhanced,positive_vs_negative,Atelectasis,TPR,0.1632892804698972
test_results,resnet_base512_enhanced,positive_vs_negative,Atelectasis,FPR,0.12287706151530972
test_results,resnet_base512_enhanced,positive_vs_negative,Atelectasis,FNR,0.8367107195301028
test_results,resnet_base512_enhanced,positive_vs_negative,Atelectasis,TNR,0.8771229384846903
test_results,resnet_base512_enhanced,positive_vs_negative,Atelectasis,Precision,0.21763785686351192
test_results,resnet_base512_enhanced,positive_vs_negative,Atelectasis,Recall,0.16341212744090441
test_results,resnet_base512_enhanced,positive_vs_negative,Atelectasis,BER,0.47979389052270627
test_results,resnet_base512_enhanced,positive_vs_negative,Atelectasis,F1 Score,0.18666666666666668
test_results,resnet_base512_enhanced,positive_vs_negative,Pleural Effusion,TP,11565.0
test_results,resnet_base512_enhanced,positive_vs_negative,Pleural Effusion,FP,13829.0
test_results,resnet_base512_enhanced,positive_vs_negative,Pleural Effusion,FN,3201.0
test_results,resnet_base512_enhanced,positive_vs_negative,Pleural Effusion,TN,10776.0
test_results,resnet_base512_enhanced,positive_vs_negative,Pleural Effusion,TPR,0.783218203982121
test_results,resnet_base512_enhanced,positive_vs_negative,Pleural Effusion,FPR,0.5620402357244463
test_results,resnet_base512_enhanced,positive_vs_negative,Pleural Effusion,FNR,0.21678179601787892
test_results,resnet_base512_enhanced,positive_vs_negative,Pleural Effusion,TNR,0.4379597642755538
test_results,resnet_base512_enhanced,positive_vs_negative,Pleural Effusion,Precision,0.45544398503642447
test_results,resnet_base512_enhanced,positive_vs_negative,Pleural Effusion,Recall,0.783232884133541
test_results,resnet_base512_enhanced,positive_vs_negative,Pleural Effusion,BER,0.3894110158711626
test_results,resnet_base512_enhanced,positive_vs_negative,Pleural Effusion,F1 Score,0.5759673323041681
test_results,resnet_base512_enhanced,certain_vs_uncertain,Cardiomegaly,TPU,0.07237813884785821
test_results,resnet_base512_enhanced,certain_vs_uncertain,Cardiomegaly,FPU,0.060577867369618024
test_results,resnet_base512_enhanced,certain_vs_uncertain,Cardiomegaly,FNU,0.9276218611521418
test_results,resnet_base512_enhanced,certain_vs_uncertain,Cardiomegaly,TNU,0.7570424355197188
test_results,resnet_base512_enhanced,certain_vs_uncertain,Cardiomegaly,FPU_AP,0.007210420220189176
test_results,resnet_base512_enhanced,certain_vs_uncertain,Cardiomegaly,FPU_AN,0.05336744714942885
test_results,resnet_base512_enhanced,certain_vs_uncertain,Cardiomegaly,TNU_AP,0.026515738874244067
test_results,resnet_base512_enhanced,certain_vs_uncertain,Cardiomegaly,TNU_AN,0.7305266966454748
test_results,resnet_base512_enhanced,certain_vs_uncertain,Cardiomegaly,Precision,0.9465311388640189
test_results,resnet_base512_enhanced,certain_vs_uncertain,Cardiomegaly,Recall,0.5361890694239291
test_results,resnet_base512_enhanced,certain_vs_uncertain,Cardiomegaly,F1 Score,0.6845791238176859
test_results,resnet_base512_enhanced,certain_vs_uncertain,Consolidation,TPU,0.6645581395348836
test_results,resnet_base512_enhanced,certain_vs_uncertain,Consolidation,FPU,0.604512295564184
test_results,resnet_base512_enhanced,certain_vs_uncertain,Consolidation,FNU,0.33544186046511626
test_results,resnet_base512_enhanced,certain_vs_uncertain,Consolidation,TNU,0.2567066713731027
test_results,resnet_base512_enhanced,certain_vs_uncertain,Consolidation,FPU_AP,0.04035768913989881
test_results,resnet_base512_enhanced,certain_vs_uncertain,Consolidation,FPU_AN,0.5641546064242852
test_results,resnet_base512_enhanced,certain_vs_uncertain,Consolidation,TNU_AP,0.013089775267678551
test_results,resnet_base512_enhanced,certain_vs_uncertain,Consolidation,TNU_AN,0.24361689610542417
test_results,resnet_base512_enhanced,certain_vs_uncertain,Consolidation,Precision,0.733585927429445
test_results,resnet_base512_enhanced,certain_vs_uncertain,Consolidation,Recall,0.8322790697674418
test_results,resnet_base512_enhanced,certain_vs_uncertain,Consolidation,F1 Score,0.779822289109763
test_results,resnet_base512_enhanced,certain_vs_uncertain,Edema,TPU,0.4247680516337233
test_results,resnet_base512_enhanced,certain_vs_uncertain,Edema,FPU,0.2692453648487477
test_results,resnet_base512_enhanced,certain_vs_uncertain,Edema,FNU,0.5752319483662767
test_results,resnet_base512_enhanced,certain_vs_uncertain,Edema,TNU,0.5534262170660306
test_results,resnet_base512_enhanced,certain_vs_uncertain,Edema,FPU_AP,0.09877480212512198
test_results,resnet_base512_enhanced,certain_vs_uncertain,Edema,FPU_AN,0.17047056272362573
test_results,resnet_base512_enhanced,certain_vs_uncertain,Edema,TNU_AP,0.04797788138349778
test_results,resnet_base512_enhanced,certain_vs_uncertain,Edema,TNU_AN,0.5054483356825328
test_results,resnet_base512_enhanced,certain_vs_uncertain,Edema,Precision,0.8410606656186813
test_results,resnet_base512_enhanced,certain_vs_uncertain,Edema,Recall,0.7123840258168617
test_results,resnet_base512_enhanced,certain_vs_uncertain,Edema,F1 Score,0.7713930032178509
test_results,resnet_base512_enhanced,certain_vs_uncertain,Atelectasis,TPU,0.7448512585812357
test_results,resnet_base512_enhanced,certain_vs_uncertain,Atelectasis,FPU,0.6963772815713889
test_results,resnet_base512_enhanced,certain_vs_uncertain,Atelectasis,FNU,0.2551487414187643
test_results,resnet_base512_enhanced,certain_vs_uncertain,Atelectasis,TNU,0.1755458785014979
test_results,resnet_base512_enhanced,certain_vs_uncertain,Atelectasis,FPU_AP,0.14768831650143613
test_results,resnet_base512_enhanced,certain_vs_uncertain,Atelectasis,FPU_AN,0.5486889650699528
test_results,resnet_base512_enhanced,certain_vs_uncertain,Atelectasis,TNU_AP,0.03434324716637327
test_results,resnet_base512_enhanced,certain_vs_uncertain,Atelectasis,TNU_AN,0.14120263133512462
test_results,resnet_base512_enhanced,certain_vs_uncertain,Atelectasis,Precision,0.7147431016319956
test_results,resnet_base512_enhanced,certain_vs_uncertain,Atelectasis,Recall,0.8724256292906178
test_results,resnet_base512_enhanced,certain_vs_uncertain,Atelectasis,F1 Score,0.7857516193126477
test_results,resnet_base512_enhanced,certain_vs_uncertain,Pleural Effusion,TPU,0.2846832397754611
test_results,resnet_base512_enhanced,certain_vs_uncertain,Pleural Effusion,FPU,0.2768859511069143
test_results,resnet_base512_enhanced,certain_vs_uncertain,Pleural Effusion,FNU,0.7153167602245388
test_results,resnet_base512_enhanced,certain_vs_uncertain,Pleural Effusion,TNU,0.36596369740845663
test_results,resnet_base512_enhanced,certain_vs_uncertain,Pleural Effusion,FPU_AP,0.06785751757423146
test_results,resnet_base512_enhanced,certain_vs_uncertain,Pleural Effusion,FPU_AN,0.20902843353268283
test_results,resnet_base512_enhanced,certain_vs_uncertain,Pleural Effusion,TNU_AP,0.3033522190745987
test_results,resnet_base512_enhanced,certain_vs_uncertain,Pleural Effusion,TNU_AN,0.06261147833385794
test_results,resnet_base512_enhanced,certain_vs_uncertain,Pleural Effusion,Precision,0.8226873629912882
test_results,resnet_base512_enhanced,certain_vs_uncertain,Pleural Effusion,Recall,0.6423416198877305
test_results,resnet_base512_enhanced,certain_vs_uncertain,Pleural Effusion,F1 Score,0.7214141693859284
test_results,densenet_base512,positive_vs_negative,Cardiomegaly,TP,1336.0
test_results,densenet_base512,positive_vs_negative,Cardiomegaly,FP,4658.0
test_results,densenet_base512,positive_vs_negative,Cardiomegaly,FN,3424.0
test_results,densenet_base512,positive_vs_negative,Cardiomegaly,TN,29953.0
test_results,densenet_base512,positive_vs_negative,Cardiomegaly,TPR,0.280672268907563
test_results,densenet_base512,positive_vs_negative,Cardiomegaly,FPR,0.13458149143335935
test_results,densenet_base512,positive_vs_negative,Cardiomegaly,FNR,0.719327731092437
test_results,densenet_base512,positive_vs_negative,Cardiomegaly,TNR,0.8654185085666407
test_results,densenet_base512,positive_vs_negative,Cardiomegaly,Precision,0.22301918265221019
test_results,densenet_base512,positive_vs_negative,Cardiomegaly,Recall,0.28082335643772316
test_results,densenet_base512,positive_vs_negative,Cardiomegaly,BER,0.42695461126289813
test_results,densenet_base512,positive_vs_negative,Cardiomegaly,F1 Score,0.24860542952770548
test_results,densenet_base512,positive_vs_negative,Consolidation,TP,576.0
test_results,densenet_base512,positive_vs_negative,Consolidation,FP,4808.0
test_results,densenet_base512,positive_vs_negative,Consolidation,FN,1673.0
test_results,densenet_base512,positive_vs_negative,Consolidation,TN,32314.0
test_results,densenet_base512,positive_vs_negative,Consolidation,TPR,0.25611382836816365
test_results,densenet_base512,positive_vs_negative,Consolidation,FPR,0.12951888368083617
test_results,densenet_base512,positive_vs_negative,Consolidation,FNR,0.7438861716318363
test_results,densenet_base512,positive_vs_negative,Consolidation,TNR,0.8704811163191638
test_results,densenet_base512,positive_vs_negative,Consolidation,Precision,0.10714948932219127
test_results,densenet_base512,positive_vs_negative,Consolidation,Recall,0.2564444444444444
test_results,densenet_base512,positive_vs_negative,Consolidation,BER,0.43670252765633627
test_results,densenet_base512,positive_vs_negative,Consolidation,F1 Score,0.15114603798297316
test_results,densenet_base512,positive_vs_negative,Edema,TP,2896.0
test_results,densenet_base512,positive_vs_negative,Edema,FP,3371.0
test_results,densenet_base512,positive_vs_negative,Edema,FN,7417.0
test_results,densenet_base512,positive_vs_negative,Edema,TN,25687.0
test_results,densenet_base512,positive_vs_negative,Edema,TPR,0.28081062736352175
test_results,densenet_base512,positive_vs_negative,Edema,FPR,0.1160093605891665
test_results,densenet_base512,positive_vs_negative,Edema,FNR,0.7191893726364782
test_results,densenet_base512,positive_vs_negative,Edema,TNR,0.8839906394108336
test_results,densenet_base512,positive_vs_negative,Edema,Precision,0.4621888959795788
test_results,densenet_base512,positive_vs_negative,Edema,Recall,0.2808803567965872
test_results,densenet_base512,positive_vs_negative,Edema,BER,0.4175993666128224
test_results,densenet_base512,positive_vs_negative,Edema,F1 Score,0.34941502834398747
test_results,densenet_base512,positive_vs_negative,Atelectasis,TP,581.0
test_results,densenet_base512,positive_vs_negative,Atelectasis,FP,1831.0
test_results,densenet_base512,positive_vs_negative,Atelectasis,FN,6229.0
test_results,densenet_base512,positive_vs_negative,Atelectasis,TN,30730.0
test_results,densenet_base512,positive_vs_negative,Atelectasis,TPR,0.08531571218795889
test_results,densenet_base512,positive_vs_negative,Atelectasis,FPR,0.05623291667946316
test_results,densenet_base512,positive_vs_negative,Atelectasis,FNR,0.9146842878120411
test_results,densenet_base512,positive_vs_negative,Atelectasis,TNR,0.9437670833205368
test_results,densenet_base512,positive_vs_negative,Atelectasis,Precision,0.24119353501864899
test_results,densenet_base512,positive_vs_negative,Atelectasis,Recall,0.08545000734106592
test_results,densenet_base512,positive_vs_negative,Atelectasis,BER,0.48545860224575216
test_results,densenet_base512,positive_vs_negative,Atelectasis,F1 Score,0.1261925411968777
test_results,densenet_base512,positive_vs_negative,Pleural Effusion,TP,6784.0
test_results,densenet_base512,positive_vs_negative,Pleural Effusion,FP,5190.0
test_results,densenet_base512,positive_vs_negative,Pleural Effusion,FN,7982.0
test_results,densenet_base512,positive_vs_negative,Pleural Effusion,TN,19415.0
test_results,densenet_base512,positive_vs_negative,Pleural Effusion,TPR,0.4594338344846268
test_results,densenet_base512,positive_vs_negative,Pleural Effusion,FPR,0.21093273724852674
test_results,densenet_base512,positive_vs_negative,Pleural Effusion,FNR,0.5405661655153732
test_results,densenet_base512,positive_vs_negative,Pleural Effusion,TNR,0.7890672627514733
test_results,densenet_base512,positive_vs_negative,Pleural Effusion,Precision,0.5665970772442589
test_results,densenet_base512,positive_vs_negative,Pleural Effusion,Recall,0.4594704408478364
test_results,densenet_base512,positive_vs_negative,Pleural Effusion,BER,0.37574945138194993
test_results,densenet_base512,positive_vs_negative,Pleural Effusion,F1 Score,0.507441477825144
test_results,densenet_base512,certain_vs_uncertain,Cardiomegaly,TPU,0.26292466765140327
test_results,densenet_base512,certain_vs_uncertain,Cardiomegaly,FPU,0.21199669199359072
test_results,densenet_base512,certain_vs_uncertain,Cardiomegaly,FNU,0.7370753323485968
test_results,densenet_base512,certain_vs_uncertain,Cardiomegaly,TNU,0.609887837907686
test_results,densenet_base512,certain_vs_uncertain,Cardiomegaly,FPU_AP,0.027859616478006926
test_results,densenet_base512,certain_vs_uncertain,Cardiomegaly,FPU_AN,0.1841370755155838
test_results,densenet_base512,certain_vs_uncertain,Cardiomegaly,TNU_AP,0.034527316896676485
test_results,densenet_base512,certain_vs_uncertain,Cardiomegaly,TNU_AN,0.5753605210110094
test_results,densenet_base512,certain_vs_uncertain,Cardiomegaly,Precision,0.8562657658950595
test_results,densenet_base512,certain_vs_uncertain,Cardiomegaly,Recall,0.6314623338257016
test_results,densenet_base512,certain_vs_uncertain,Cardiomegaly,F1 Score,0.7268795675885031
test_results,densenet_base512,certain_vs_uncertain,Consolidation,TPU,0.728
test_results,densenet_base512,certain_vs_uncertain,Consolidation,FPU,0.6678726909048124
test_results,densenet_base512,certain_vs_uncertain,Consolidation,FNU,0.272
test_results,densenet_base512,certain_vs_uncertain,Consolidation,TNU,0.2018472761501353
test_results,densenet_base512,certain_vs_uncertain,Consolidation,FPU_AP,0.039475232380280036
test_results,densenet_base512,certain_vs_uncertain,Consolidation,FPU_AN,0.6283974585245323
test_results,densenet_base512,certain_vs_uncertain,Consolidation,TNU_AP,0.01694316978468055
test_results,densenet_base512,certain_vs_uncertain,Consolidation,TNU_AN,0.18490410636545476
test_results,densenet_base512,certain_vs_uncertain,Consolidation,Precision,0.7212403257317537
test_results,densenet_base512,certain_vs_uncertain,Consolidation,Recall,0.864
test_results,densenet_base512,certain_vs_uncertain,Consolidation,F1 Score,0.7861920130559202
test_results,densenet_base512,certain_vs_uncertain,Edema,TPU,0.4901169826542961
test_results,densenet_base512,certain_vs_uncertain,Edema,FPU,0.2609237775127399
test_results,densenet_base512,certain_vs_uncertain,Edema,FNU,0.5098830173457038
test_results,densenet_base512,certain_vs_uncertain,Edema,TNU,0.5590371896346091
test_results,densenet_base512,certain_vs_uncertain,Edema,FPU_AP,0.1015938414832484
test_results,densenet_base512,certain_vs_uncertain,Edema,FPU_AN,0.1593299360294915
test_results,densenet_base512,certain_vs_uncertain,Edema,TNU_AP,0.07849940366475117
test_results,densenet_base512,certain_vs_uncertain,Edema,TNU_AN,0.48053778596985797
test_results,densenet_base512,certain_vs_uncertain,Edema,Precision,0.8509893182110452
test_results,densenet_base512,certain_vs_uncertain,Edema,Recall,0.7450584913271481
test_results,densenet_base512,certain_vs_uncertain,Edema,F1 Score,0.7945085526545652
test_results,densenet_base512,certain_vs_uncertain,Atelectasis,TPU,0.7959096109839817
test_results,densenet_base512,certain_vs_uncertain,Atelectasis,FPU,0.7354766978597239
test_results,densenet_base512,certain_vs_uncertain,Atelectasis,FNU,0.20409038901601834
test_results,densenet_base512,certain_vs_uncertain,Atelectasis,TNU,0.1889496278452083
test_results,densenet_base512,certain_vs_uncertain,Atelectasis,FPU_AP,0.16334661354581673
test_results,densenet_base512,certain_vs_uncertain,Atelectasis,FPU_AN,0.5721300843139072
test_results,densenet_base512,certain_vs_uncertain,Atelectasis,TNU_AP,0.01794372896012848
test_results,densenet_base512,certain_vs_uncertain,Atelectasis,TNU_AN,0.17100589888507983
test_results,densenet_base512,certain_vs_uncertain,Atelectasis,Precision,0.7094569504108295
test_results,densenet_base512,certain_vs_uncertain,Atelectasis,Recall,0.8979548054919908
test_results,densenet_base512,certain_vs_uncertain,Atelectasis,F1 Score,0.7926535009734149
test_results,densenet_base512,certain_vs_uncertain,Pleural Effusion,TPU,0.30874097834803527
test_results,densenet_base512,certain_vs_uncertain,Pleural Effusion,FPU,0.25060329451264296
test_results,densenet_base512,certain_vs_uncertain,Pleural Effusion,FNU,0.6912590216519647
test_results,densenet_base512,certain_vs_uncertain,Pleural Effusion,TNU,0.49336376036092755
test_results,densenet_base512,certain_vs_uncertain,Pleural Effusion,FPU_AP,0.07871681880180463
test_results,densenet_base512,certain_vs_uncertain,Pleural Effusion,FPU_AN,0.17188647571083832
test_results,densenet_base512,certain_vs_uncertain,Pleural Effusion,TNU_AP,0.17794565103346974
test_results,densenet_base512,certain_vs_uncertain,Pleural Effusion,TNU_AN,0.3154181093274578
test_results,densenet_base512,certain_vs_uncertain,Pleural Effusion,Precision,0.8392893096962472
test_results,densenet_base512,certain_vs_uncertain,Pleural Effusion,Recall,0.6543704891740176
test_results,densenet_base512,certain_vs_uncertain,Pleural Effusion,F1 Score,0.735383193093703
test_results,densenet_base512_enhanced,positive_vs_negative,Cardiomegaly,TP,233.0
test_results,densenet_base512_enhanced,positive_vs_negative,Cardiomegaly,FP,586.0
test_results,densenet_base512_enhanced,positive_vs_negative,Cardiomegaly,FN,4527.0
test_results,densenet_base512_enhanced,positive_vs_negative,Cardiomegaly,TN,34025.0
test_results,densenet_base512_enhanced,positive_vs_negative,Cardiomegaly,TPR,0.04894957983193277
test_results,densenet_base512_enhanced,positive_vs_negative,Cardiomegaly,FPR,0.01693103348646384
test_results,densenet_base512_enhanced,positive_vs_negative,Cardiomegaly,FNR,0.9510504201680672
test_results,densenet_base512_enhanced,positive_vs_negative,Cardiomegaly,TNR,0.9830689665135361
test_results,densenet_base512_enhanced,positive_vs_negative,Cardiomegaly,Precision,0.28536585365853656
test_results,densenet_base512_enhanced,positive_vs_negative,Cardiomegaly,Recall,0.04914933837429111
test_results,densenet_base512_enhanced,positive_vs_negative,Cardiomegaly,BER,0.4839907268272655
test_results,densenet_base512_enhanced,positive_vs_negative,Cardiomegaly,F1 Score,0.08385593979573552
test_results,densenet_base512_enhanced,positive_vs_negative,Consolidation,TP,650.0
test_results,densenet_base512_enhanced,positive_vs_negative,Consolidation,FP,6345.0
test_results,densenet_base512_enhanced,positive_vs_negative,Consolidation,FN,1599.0
test_results,densenet_base512_enhanced,positive_vs_negative,Consolidation,TN,30777.0
test_results,densenet_base512_enhanced,positive_vs_negative,Consolidation,TPR,0.28901734104046245
test_results,densenet_base512_enhanced,positive_vs_negative,Consolidation,FPR,0.17092290286083725
test_results,densenet_base512_enhanced,positive_vs_negative,Consolidation,FNR,0.7109826589595376
test_results,densenet_base512_enhanced,positive_vs_negative,Consolidation,TNR,0.8290770971391628
test_results,densenet_base512_enhanced,positive_vs_negative,Consolidation,Precision,0.09305317324185249
test_results,densenet_base512_enhanced,positive_vs_negative,Consolidation,Recall,0.28933333333333333
test_results,densenet_base512_enhanced,positive_vs_negative,Consolidation,BER,0.4409527809101874
test_results,densenet_base512_enhanced,positive_vs_negative,Consolidation,F1 Score,0.14081765087605452
test_results,densenet_base512_enhanced,positive_vs_negative,Edema,TP,532.0
test_results,densenet_base512_enhanced,positive_vs_negative,Edema,FP,689.0
test_results,densenet_base512_enhanced,positive_vs_negative,Edema,FN,9781.0
test_results,densenet_base512_enhanced,positive_vs_negative,Edema,TN,28369.0
test_results,densenet_base512_enhanced,positive_vs_negative,Edema,TPR,0.051585377678658006
test_results,densenet_base512_enhanced,positive_vs_negative,Edema,FPR,0.023711198293069034
test_results,densenet_base512_enhanced,positive_vs_negative,Edema,FNR,0.948414622321342
test_results,densenet_base512_enhanced,positive_vs_negative,Edema,TNR,0.976288801706931
test_results,densenet_base512_enhanced,positive_vs_negative,Edema,Precision,0.43617021276595747
test_results,densenet_base512_enhanced,positive_vs_negative,Edema,Recall,0.051677331782043825
test_results,densenet_base512_enhanced,positive_vs_negative,Edema,BER,0.4860629103072055
test_results,densenet_base512_enhanced,positive_vs_negative,Edema,F1 Score,0.09240638002773927
test_results,densenet_base512_enhanced,positive_vs_negative,Atelectasis,TP,285.0
test_results,densenet_base512_enhanced,positive_vs_negative,Atelectasis,FP,1026.0
test_results,densenet_base512_enhanced,positive_vs_negative,Atelectasis,FN,6525.0
test_results,densenet_base512_enhanced,positive_vs_negative,Atelectasis,TN,31535.0
test_results,densenet_base512_enhanced,positive_vs_negative,Atelectasis,TPR,0.04185022026431718
test_results,densenet_base512_enhanced,positive_vs_negative,Atelectasis,FPR,0.03151008875648782
test_results,densenet_base512_enhanced,positive_vs_negative,Atelectasis,FNR,0.9581497797356828
test_results,densenet_base512_enhanced,positive_vs_negative,Atelectasis,TNR,0.9684899112435121
test_results,densenet_base512_enhanced,positive_vs_negative,Atelectasis,Precision,0.21798780487804878
test_results,densenet_base512_enhanced,positive_vs_negative,Atelectasis,Recall,0.04199089707825576
test_results,densenet_base512_enhanced,positive_vs_negative,Atelectasis,BER,0.49482993424608535
test_results,densenet_base512_enhanced,positive_vs_negative,Atelectasis,F1 Score,0.0704173334974763
test_results,densenet_base512_enhanced,positive_vs_negative,Pleural Effusion,TP,6762.0
test_results,densenet_base512_enhanced,positive_vs_negative,Pleural Effusion,FP,4904.0
test_results,densenet_base512_enhanced,positive_vs_negative,Pleural Effusion,FN,8004.0
test_results,densenet_base512_enhanced,positive_vs_negative,Pleural Effusion,TN,19701.0
test_results,densenet_base512_enhanced,positive_vs_negative,Pleural Effusion,TPR,0.45794392523364486
test_results,densenet_base512_enhanced,positive_vs_negative,Pleural Effusion,FPR,0.19930908351960983
test_results,densenet_base512_enhanced,positive_vs_negative,Pleural Effusion,FNR,0.5420560747663551
test_results,densenet_base512_enhanced,positive_vs_negative,Pleural Effusion,TNR,0.8006909164803901
test_results,densenet_base512_enhanced,positive_vs_negative,Pleural Effusion,Precision,0.579669152309934
test_results,densenet_base512_enhanced,positive_vs_negative,Pleural Effusion,Recall,0.4579806324913659
test_results,densenet_base512_enhanced,positive_vs_negative,Pleural Effusion,BER,0.37068257914298247
test_results,densenet_base512_enhanced,positive_vs_negative,Pleural Effusion,F1 Score,0.5116894908072935
test_results,densenet_base512_enhanced,certain_vs_uncertain,Cardiomegaly,TPU,0.4224519940915805
test_results,densenet_base512_enhanced,certain_vs_uncertain,Cardiomegaly,FPU,0.3718922830412984
test_results,densenet_base512_enhanced,certain_vs_uncertain,Cardiomegaly,FNU,0.5775480059084195
test_results,densenet_base512_enhanced,certain_vs_uncertain,Cardiomegaly,TNU,0.5458210575282989
test_results,densenet_base512_enhanced,certain_vs_uncertain,Cardiomegaly,FPU_AP,0.049413345738357366
test_results,densenet_base512_enhanced,certain_vs_uncertain,Cardiomegaly,FPU_AN,0.322478937302941
test_results,densenet_base512_enhanced,certain_vs_uncertain,Cardiomegaly,TNU_AP,0.006021605416860495
test_results,densenet_base512_enhanced,certain_vs_uncertain,Cardiomegaly,TNU_AN,0.5397994521114384
test_results,densenet_base512_enhanced,certain_vs_uncertain,Cardiomegaly,Precision,0.7927419571702636
test_results,densenet_base512_enhanced,certain_vs_uncertain,Cardiomegaly,Recall,0.7112259970457903
test_results,densenet_base512_enhanced,certain_vs_uncertain,Cardiomegaly,F1 Score,0.7497748702795245
test_results,densenet_base512_enhanced,certain_vs_uncertain,Consolidation,TPU,0.3629767441860465
test_results,densenet_base512_enhanced,certain_vs_uncertain,Consolidation,FPU,0.3015354747617367
test_results,densenet_base512_enhanced,certain_vs_uncertain,Consolidation,FNU,0.6370232558139535
test_results,densenet_base512_enhanced,certain_vs_uncertain,Consolidation,TNU,0.5150900105894811
test_results,densenet_base512_enhanced,certain_vs_uncertain,Consolidation,FPU_AP,0.01985527709142252
test_results,densenet_base512_enhanced,certain_vs_uncertain,Consolidation,FPU_AN,0.28168019767031416
test_results,densenet_base512_enhanced,certain_vs_uncertain,Consolidation,TNU_AP,0.019119896458406872
test_results,densenet_base512_enhanced,certain_vs_uncertain,Consolidation,TNU_AN,0.4959701141310742
test_results,densenet_base512_enhanced,certain_vs_uncertain,Consolidation,Precision,0.8188445411639264
test_results,densenet_base512_enhanced,certain_vs_uncertain,Consolidation,Recall,0.6814883720930233
test_results,densenet_base512_enhanced,certain_vs_uncertain,Consolidation,F1 Score,0.7438789463648766
test_results,densenet_base512_enhanced,certain_vs_uncertain,Edema,TPU,0.9011698265429609
test_results,densenet_base512_enhanced,certain_vs_uncertain,Edema,FPU,0.8039683400195166
test_results,densenet_base512_enhanced,certain_vs_uncertain,Edema,FNU,0.09883017345703914
test_results,densenet_base512_enhanced,certain_vs_uncertain,Edema,TNU,0.1549929524016047
test_results,densenet_base512_enhanced,certain_vs_uncertain,Edema,FPU_AP,0.24102786511980917
test_results,densenet_base512_enhanced,certain_vs_uncertain,Edema,FPU_AN,0.5629404748997073
test_results,densenet_base512_enhanced,certain_vs_uncertain,Edema,TNU_AP,0.014420470562723626
test_results,densenet_base512_enhanced,certain_vs_uncertain,Edema,TNU_AN,0.14057248183888107
test_results,densenet_base512_enhanced,certain_vs_uncertain,Edema,Precision,0.7027995279660152
test_results,densenet_base512_enhanced,certain_vs_uncertain,Edema,Recall,0.9505849132714804
test_results,densenet_base512_enhanced,certain_vs_uncertain,Edema,F1 Score,0.8081249728451374
test_results,densenet_base512_enhanced,certain_vs_uncertain,Atelectasis,TPU,0.6591819221967964
test_results,densenet_base512_enhanced,certain_vs_uncertain,Atelectasis,FPU,0.6101794372896012
test_results,densenet_base512_enhanced,certain_vs_uncertain,Atelectasis,FNU,0.34081807780320367
test_results,densenet_base512_enhanced,certain_vs_uncertain,Atelectasis,TNU,0.30300503412705765
test_results,densenet_base512_enhanced,certain_vs_uncertain,Atelectasis,FPU_AP,0.13959665215108558
test_results,densenet_base512_enhanced,certain_vs_uncertain,Atelectasis,FPU_AN,0.4705827851385157
test_results,densenet_base512_enhanced,certain_vs_uncertain,Atelectasis,TNU_AP,0.008802001297137034
test_results,densenet_base512_enhanced,certain_vs_uncertain,Atelectasis,TNU_AN,0.2942030328299206
test_results,densenet_base512_enhanced,certain_vs_uncertain,Atelectasis,Precision,0.7311228400276909
test_results,densenet_base512_enhanced,certain_vs_uncertain,Atelectasis,Recall,0.8295909610983982
test_results,densenet_base512_enhanced,certain_vs_uncertain,Atelectasis,F1 Score,0.7772506389088579
test_results,densenet_base512_enhanced,certain_vs_uncertain,Pleural Effusion,TPU,0.2301523656776263
test_results,densenet_base512_enhanced,certain_vs_uncertain,Pleural Effusion,FPU,0.18911971461546534
test_results,densenet_base512_enhanced,certain_vs_uncertain,Pleural Effusion,FNU,0.7698476343223737
test_results,densenet_base512_enhanced,certain_vs_uncertain,Pleural Effusion,TNU,0.5463487566887
test_results,densenet_base512_enhanced,certain_vs_uncertain,Pleural Effusion,FPU_AP,0.06313608225789528
test_results,densenet_base512_enhanced,certain_vs_uncertain,Pleural Effusion,FPU_AN,0.12598363235757004
test_results,densenet_base512_enhanced,certain_vs_uncertain,Pleural Effusion,TNU_AP,0.17736858671702865
test_results,densenet_base512_enhanced,certain_vs_uncertain,Pleural Effusion,TNU_AN,0.3689801699716714
test_results,densenet_base512_enhanced,certain_vs_uncertain,Pleural Effusion,Precision,0.8667487952159176
test_results,densenet_base512_enhanced,certain_vs_uncertain,Pleural Effusion,Recall,0.6150761828388132
test_results,densenet_base512_enhanced,certain_vs_uncertain,Pleural Effusion,F1 Score,0.7195404968019864
valid_rad_results,resnet_base224,positive_vs_negative,Cardiomegaly,TP,11.0
valid_rad_results,resnet_base224,positive_vs_negative,Cardiomegaly,FP,14.0
valid_rad_results,resnet_base224,positive_vs_negative,Cardiomegaly,FN,55.0
valid_rad_results,resnet_base224,positive_vs_negative,Cardiomegaly,TN,122.0
valid_rad_results,resnet_base224,positive_vs_negative,Cardiomegaly,TPR,0.16666666666666666
valid_rad_results,resnet_base224,positive_vs_negative,Cardiomegaly,FPR,0.10294117647058823
valid_rad_results,resnet_base224,positive_vs_negative,Cardiomegaly,FNR,0.8333333333333334
valid_rad_results,resnet_base224,positive_vs_negative,Cardiomegaly,TNR,0.8970588235294118
valid_rad_results,resnet_base224,positive_vs_negative,Cardiomegaly,Precision,0.46153846153846156
valid_rad_results,resnet_base224,positive_vs_negative,Cardiomegaly,Recall,0.1791044776119403
valid_rad_results,resnet_base224,positive_vs_negative,Cardiomegaly,BER,0.4681372549019608
valid_rad_results,resnet_base224,positive_vs_negative,Cardiomegaly,F1 Score,0.25806451612903225
valid_rad_results,resnet_base224,positive_vs_negative,Consolidation,TP,12.0
valid_rad_results,resnet_base224,positive_vs_negative,Consolidation,FP,36.0
valid_rad_results,resnet_base224,positive_vs_negative,Consolidation,FN,20.0
valid_rad_results,resnet_base224,positive_vs_negative,Consolidation,TN,134.0
valid_rad_results,resnet_base224,positive_vs_negative,Consolidation,TPR,0.375
valid_rad_results,resnet_base224,positive_vs_negative,Consolidation,FPR,0.21176470588235294
valid_rad_results,resnet_base224,positive_vs_negative,Consolidation,FNR,0.625
valid_rad_results,resnet_base224,positive_vs_negative,Consolidation,TNR,0.788235294117647
valid_rad_results,resnet_base224,positive_vs_negative,Consolidation,Precision,0.2653061224489796
valid_rad_results,resnet_base224,positive_vs_negative,Consolidation,Recall,0.3939393939393939
valid_rad_results,resnet_base224,positive_vs_negative,Consolidation,BER,0.4183823529411765
valid_rad_results,resnet_base224,positive_vs_negative,Consolidation,F1 Score,0.3170731707317074
valid_rad_results,resnet_base224,positive_vs_negative,Edema,TP,9.0
valid_rad_results,resnet_base224,positive_vs_negative,Edema,FP,19.0
valid_rad_results,resnet_base224,positive_vs_negative,Edema,FN,33.0
valid_rad_results,resnet_base224,positive_vs_negative,Edema,TN,141.0
valid_rad_results,resnet_base224,positive_vs_negative,Edema,TPR,0.21428571428571427
valid_rad_results,resnet_base224,positive_vs_negative,Edema,FPR,0.11875
valid_rad_results,resnet_base224,positive_vs_negative,Edema,FNR,0.7857142857142857
valid_rad_results,resnet_base224,positive_vs_negative,Edema,TNR,0.88125
valid_rad_results,resnet_base224,positive_vs_negative,Edema,Precision,0.3448275862068966
valid_rad_results,resnet_base224,positive_vs_negative,Edema,Recall,0.23255813953488372
valid_rad_results,resnet_base224,positive_vs_negative,Edema,BER,0.45223214285714286
valid_rad_results,resnet_base224,positive_vs_negative,Edema,F1 Score,0.2777777777777778
valid_rad_results,resnet_base224,positive_vs_negative,Atelectasis,TP,9.0
valid_rad_results,resnet_base224,positive_vs_negative,Atelectasis,FP,13.0
valid_rad_results,resnet_base224,positive_vs_negative,Atelectasis,FN,66.0
valid_rad_results,resnet_base224,positive_vs_negative,Atelectasis,TN,114.0
valid_rad_results,resnet_base224,positive_vs_negative,Atelectasis,TPR,0.12
valid_rad_results,resnet_base224,positive_vs_negative,Atelectasis,FPR,0.10236220472440945
valid_rad_results,resnet_base224,positive_vs_negative,Atelectasis,FNR,0.88
valid_rad_results,resnet_base224,positive_vs_negative,Atelectasis,TNR,0.8976377952755905
valid_rad_results,resnet_base224,positive_vs_negative,Atelectasis,Precision,0.43478260869565216
valid_rad_results,resnet_base224,positive_vs_negative,Atelectasis,Recall,0.13157894736842105
valid_rad_results,resnet_base224,positive_vs_negative,Atelectasis,BER,0.49118110236220475
valid_rad_results,resnet_base224,positive_vs_negative,Atelectasis,F1 Score,0.20202020202020202
valid_rad_results,resnet_base224,positive_vs_negative,Pleural Effusion,TP,33.0
valid_rad_results,resnet_base224,positive_vs_negative,Pleural Effusion,FP,34.0
valid_rad_results,resnet_base224,positive_vs_negative,Pleural Effusion,FN,31.0
valid_rad_results,resnet_base224,positive_vs_negative,Pleural Effusion,TN,104.0
valid_rad_results,resnet_base224,positive_vs_negative,Pleural Effusion,TPR,0.515625
valid_rad_results,resnet_base224,positive_vs_negative,Pleural Effusion,FPR,0.2463768115942029
valid_rad_results,resnet_base224,positive_vs_negative,Pleural Effusion,FNR,0.484375
valid_rad_results,resnet_base224,positive_vs_negative,Pleural Effusion,TNR,0.7536231884057971
valid_rad_results,resnet_base224,positive_vs_negative,Pleural Effusion,Precision,0.5
valid_rad_results,resnet_base224,positive_vs_negative,Pleural Effusion,Recall,0.5230769230769231
valid_rad_results,resnet_base224,positive_vs_negative,Pleural Effusion,BER,0.36537590579710144
valid_rad_results,resnet_base224,positive_vs_negative,Pleural Effusion,F1 Score,0.5112781954887219
valid_rad_results,resnet_base224_enhanced,positive_vs_negative,Cardiomegaly,TP,2.0
valid_rad_results,resnet_base224_enhanced,positive_vs_negative,Cardiomegaly,FP,7.0
valid_rad_results,resnet_base224_enhanced,positive_vs_negative,Cardiomegaly,FN,64.0
valid_rad_results,resnet_base224_enhanced,positive_vs_negative,Cardiomegaly,TN,129.0
valid_rad_results,resnet_base224_enhanced,positive_vs_negative,Cardiomegaly,TPR,0.030303030303030304
valid_rad_results,resnet_base224_enhanced,positive_vs_negative,Cardiomegaly,FPR,0.051470588235294115
valid_rad_results,resnet_base224_enhanced,positive_vs_negative,Cardiomegaly,FNR,0.9696969696969697
valid_rad_results,resnet_base224_enhanced,positive_vs_negative,Cardiomegaly,TNR,0.9485294117647058
valid_rad_results,resnet_base224_enhanced,positive_vs_negative,Cardiomegaly,Precision,0.3
valid_rad_results,resnet_base224_enhanced,positive_vs_negative,Cardiomegaly,Recall,0.04477611940298507
valid_rad_results,resnet_base224_enhanced,positive_vs_negative,Cardiomegaly,BER,0.5105837789661319
valid_rad_results,resnet_base224_enhanced,positive_vs_negative,Cardiomegaly,F1 Score,0.0779220779220779
valid_rad_results,resnet_base224_enhanced,positive_vs_negative,Consolidation,TP,23.0
valid_rad_results,resnet_base224_enhanced,positive_vs_negative,Consolidation,FP,89.0
valid_rad_results,resnet_base224_enhanced,positive_vs_negative,Consolidation,FN,9.0
valid_rad_results,resnet_base224_enhanced,positive_vs_negative,Consolidation,TN,81.0
valid_rad_results,resnet_base224_enhanced,positive_vs_negative,Consolidation,TPR,0.71875
valid_rad_results,resnet_base224_enhanced,positive_vs_negative,Consolidation,FPR,0.5235294117647059
valid_rad_results,resnet_base224_enhanced,positive_vs_negative,Consolidation,FNR,0.28125
valid_rad_results,resnet_base224_enhanced,positive_vs_negative,Consolidation,TNR,0.4764705882352941
valid_rad_results,resnet_base224_enhanced,positive_vs_negative,Consolidation,Precision,0.21238938053097345
valid_rad_results,resnet_base224_enhanced,positive_vs_negative,Consolidation,Recall,0.7272727272727273
valid_rad_results,resnet_base224_enhanced,positive_vs_negative,Consolidation,BER,0.40238970588235295
valid_rad_results,resnet_base224_enhanced,positive_vs_negative,Consolidation,F1 Score,0.3287671232876712
valid_rad_results,resnet_base224_enhanced,positive_vs_negative,Edema,TP,0.0
valid_rad_results,resnet_base224_enhanced,positive_vs_negative,Edema,FP,9.0
valid_rad_results,resnet_base224_enhanced,positive_vs_negative,Edema,FN,42.0
valid_rad_results,resnet_base224_enhanced,positive_vs_negative,Edema,TN,151.0
valid_rad_results,resnet_base224_enhanced,positive_vs_negative,Edema,TPR,0.0
valid_rad_results,resnet_base224_enhanced,positive_vs_negative,Edema,FPR,0.05625
valid_rad_results,resnet_base224_enhanced,positive_vs_negative,Edema,FNR,1.0
valid_rad_results,resnet_base224_enhanced,positive_vs_negative,Edema,TNR,0.94375
valid_rad_results,resnet_base224_enhanced,positive_vs_negative,Edema,Precision,0.1
valid_rad_results,resnet_base224_enhanced,positive_vs_negative,Edema,Recall,0.023255813953488372
valid_rad_results,resnet_base224_enhanced,positive_vs_negative,Edema,BER,0.528125
valid_rad_results,resnet_base224_enhanced,positive_vs_negative,Edema,F1 Score,0.03773584905660377
valid_rad_results,resnet_base224_enhanced,positive_vs_negative,Atelectasis,TP,3.0
valid_rad_results,resnet_base224_enhanced,positive_vs_negative,Atelectasis,FP,1.0
valid_rad_results,resnet_base224_enhanced,positive_vs_negative,Atelectasis,FN,72.0
valid_rad_results,resnet_base224_enhanced,positive_vs_negative,Atelectasis,TN,126.0
valid_rad_results,resnet_base224_enhanced,positive_vs_negative,Atelectasis,TPR,0.04
valid_rad_results,resnet_base224_enhanced,positive_vs_negative,Atelectasis,FPR,0.007874015748031496
valid_rad_results,resnet_base224_enhanced,positive_vs_negative,Atelectasis,FNR,0.96
valid_rad_results,resnet_base224_enhanced,positive_vs_negative,Atelectasis,TNR,0.9921259842519685
valid_rad_results,resnet_base224_enhanced,positive_vs_negative,Atelectasis,Precision,0.8
valid_rad_results,resnet_base224_enhanced,positive_vs_negative,Atelectasis,Recall,0.05263157894736842
valid_rad_results,resnet_base224_enhanced,positive_vs_negative,Atelectasis,BER,0.4839370078740157
valid_rad_results,resnet_base224_enhanced,positive_vs_negative,Atelectasis,F1 Score,0.09876543209876543
valid_rad_results,resnet_base224_enhanced,positive_vs_negative,Pleural Effusion,TP,33.0
valid_rad_results,resnet_base224_enhanced,positive_vs_negative,Pleural Effusion,FP,37.0
valid_rad_results,resnet_base224_enhanced,positive_vs_negative,Pleural Effusion,FN,31.0
valid_rad_results,resnet_base224_enhanced,positive_vs_negative,Pleural Effusion,TN,101.0
valid_rad_results,resnet_base224_enhanced,positive_vs_negative,Pleural Effusion,TPR,0.515625
valid_rad_results,resnet_base224_enhanced,positive_vs_negative,Pleural Effusion,FPR,0.26811594202898553
valid_rad_results,resnet_base224_enhanced,positive_vs_negative,Pleural Effusion,FNR,0.484375
valid_rad_results,resnet_base224_enhanced,positive_vs_negative,Pleural Effusion,TNR,0.7318840579710145
valid_rad_results,resnet_base224_enhanced,positive_vs_negative,Pleural Effusion,Precision,0.4788732394366197
valid_rad_results,resnet_base224_enhanced,positive_vs_negative,Pleural Effusion,Recall,0.5230769230769231
valid_rad_results,resnet_base224_enhanced,positive_vs_negative,Pleural Effusion,BER,0.3762454710144928
valid_rad_results,resnet_base224_enhanced,positive_vs_negative,Pleural Effusion,F1 Score,0.5
valid_rad_results,densenet_base224,positive_vs_negative,Cardiomegaly,TP,43.0
valid_rad_results,densenet_base224,positive_vs_negative,Cardiomegaly,FP,49.0
valid_rad_results,densenet_base224,positive_vs_negative,Cardiomegaly,FN,23.0
valid_rad_results,densenet_base224,positive_vs_negative,Cardiomegaly,TN,87.0
valid_rad_results,densenet_base224,positive_vs_negative,Cardiomegaly,TPR,0.6515151515151515
valid_rad_results,densenet_base224,positive_vs_negative,Cardiomegaly,FPR,0.3602941176470588
valid_rad_results,densenet_base224,positive_vs_negative,Cardiomegaly,FNR,0.3484848484848485
valid_rad_results,densenet_base224,positive_vs_negative,Cardiomegaly,TNR,0.6397058823529411
valid_rad_results,densenet_base224,positive_vs_negative,Cardiomegaly,Precision,0.4731182795698925
valid_rad_results,densenet_base224,positive_vs_negative,Cardiomegaly,Recall,0.6567164179104478
valid_rad_results,densenet_base224,positive_vs_negative,Cardiomegaly,BER,0.35438948306595364
valid_rad_results,densenet_base224,positive_vs_negative,Cardiomegaly,F1 Score,0.5499999999999999
valid_rad_results,densenet_base224,positive_vs_negative,Consolidation,TP,17.0
valid_rad_results,densenet_base224,positive_vs_negative,Consolidation,FP,25.0
valid_rad_results,densenet_base224,positive_vs_negative,Consolidation,FN,15.0
valid_rad_results,densenet_base224,positive_vs_negative,Consolidation,TN,145.0
valid_rad_results,densenet_base224,positive_vs_negative,Consolidation,TPR,0.53125
valid_rad_results,densenet_base224,positive_vs_negative,Consolidation,FPR,0.14705882352941177
valid_rad_results,densenet_base224,positive_vs_negative,Consolidation,FNR,0.46875
valid_rad_results,densenet_base224,positive_vs_negative,Consolidation,TNR,0.8529411764705882
valid_rad_results,densenet_base224,positive_vs_negative,Consolidation,Precision,0.4186046511627907
valid_rad_results,densenet_base224,positive_vs_negative,Consolidation,Recall,0.5454545454545454
valid_rad_results,densenet_base224,positive_vs_negative,Consolidation,BER,0.3079044117647059
valid_rad_results,densenet_base224,positive_vs_negative,Consolidation,F1 Score,0.47368421052631576
valid_rad_results,densenet_base224,positive_vs_negative,Edema,TP,28.0
valid_rad_results,densenet_base224,positive_vs_negative,Edema,FP,62.0
valid_rad_results,densenet_base224,positive_vs_negative,Edema,FN,14.0
valid_rad_results,densenet_base224,positive_vs_negative,Edema,TN,98.0
valid_rad_results,densenet_base224,positive_vs_negative,Edema,TPR,0.6666666666666666
valid_rad_results,densenet_base224,positive_vs_negative,Edema,FPR,0.3875
valid_rad_results,densenet_base224,positive_vs_negative,Edema,FNR,0.3333333333333333
valid_rad_results,densenet_base224,positive_vs_negative,Edema,TNR,0.6125
valid_rad_results,densenet_base224,positive_vs_negative,Edema,Precision,0.31868131868131866
valid_rad_results,densenet_base224,positive_vs_negative,Edema,Recall,0.6744186046511628
valid_rad_results,densenet_base224,positive_vs_negative,Edema,BER,0.36041666666666666
valid_rad_results,densenet_base224,positive_vs_negative,Edema,F1 Score,0.43283582089552236
valid_rad_results,densenet_base224,positive_vs_negative,Atelectasis,TP,18.0
valid_rad_results,densenet_base224,positive_vs_negative,Atelectasis,FP,40.0
valid_rad_results,densenet_base224,positive_vs_negative,Atelectasis,FN,57.0
valid_rad_results,densenet_base224,positive_vs_negative,Atelectasis,TN,87.0
valid_rad_results,densenet_base224,positive_vs_negative,Atelectasis,TPR,0.24
valid_rad_results,densenet_base224,positive_vs_negative,Atelectasis,FPR,0.31496062992125984
valid_rad_results,densenet_base224,positive_vs_negative,Atelectasis,FNR,0.76
valid_rad_results,densenet_base224,positive_vs_negative,Atelectasis,TNR,0.6850393700787402
valid_rad_results,densenet_base224,positive_vs_negative,Atelectasis,Precision,0.3220338983050847
valid_rad_results,densenet_base224,positive_vs_negative,Atelectasis,Recall,0.25
valid_rad_results,densenet_base224,positive_vs_negative,Atelectasis,BER,0.53748031496063
valid_rad_results,densenet_base224,positive_vs_negative,Atelectasis,F1 Score,0.28148148148148144
valid_rad_results,densenet_base224,positive_vs_negative,Pleural Effusion,TP,40.0
valid_rad_results,densenet_base224,positive_vs_negative,Pleural Effusion,FP,35.0
valid_rad_results,densenet_base224,positive_vs_negative,Pleural Effusion,FN,24.0
valid_rad_results,densenet_base224,positive_vs_negative,Pleural Effusion,TN,103.0
valid_rad_results,densenet_base224,positive_vs_negative,Pleural Effusion,TPR,0.625
valid_rad_results,densenet_base224,positive_vs_negative,Pleural Effusion,FPR,0.2536231884057971
valid_rad_results,densenet_base224,positive_vs_negative,Pleural Effusion,FNR,0.375
valid_rad_results,densenet_base224,positive_vs_negative,Pleural Effusion,TNR,0.7463768115942029
valid_rad_results,densenet_base224,positive_vs_negative,Pleural Effusion,Precision,0.5394736842105263
valid_rad_results,densenet_base224,positive_vs_negative,Pleural Effusion,Recall,0.6307692307692307
valid_rad_results,densenet_base224,positive_vs_negative,Pleural Effusion,BER,0.31431159420289856
valid_rad_results,densenet_base224,positive_vs_negative,Pleural Effusion,F1 Score,0.5815602836879432
valid_rad_results,densenet_base224_enhanced,positive_vs_negative,Cardiomegaly,TP,5.0
valid_rad_results,densenet_base224_enhanced,positive_vs_negative,Cardiomegaly,FP,6.0
valid_rad_results,densenet_base224_enhanced,positive_vs_negative,Cardiomegaly,FN,61.0
valid_rad_results,densenet_base224_enhanced,positive_vs_negative,Cardiomegaly,TN,130.0
valid_rad_results,densenet_base224_enhanced,positive_vs_negative,Cardiomegaly,TPR,0.07575757575757576
valid_rad_results,densenet_base224_enhanced,positive_vs_negative,Cardiomegaly,FPR,0.04411764705882353
valid_rad_results,densenet_base224_enhanced,positive_vs_negative,Cardiomegaly,FNR,0.9242424242424242
valid_rad_results,densenet_base224_enhanced,positive_vs_negative,Cardiomegaly,TNR,0.9558823529411765
valid_rad_results,densenet_base224_enhanced,positive_vs_negative,Cardiomegaly,Precision,0.5
valid_rad_results,densenet_base224_enhanced,positive_vs_negative,Cardiomegaly,Recall,0.08955223880597014
valid_rad_results,densenet_base224_enhanced,positive_vs_negative,Cardiomegaly,BER,0.48418003565062384
valid_rad_results,densenet_base224_enhanced,positive_vs_negative,Cardiomegaly,F1 Score,0.15189873417721517
valid_rad_results,densenet_base224_enhanced,positive_vs_negative,Consolidation,TP,10.0
valid_rad_results,densenet_base224_enhanced,positive_vs_negative,Consolidation,FP,36.0
valid_rad_results,densenet_base224_enhanced,positive_vs_negative,Consolidation,FN,22.0
valid_rad_results,densenet_base224_enhanced,positive_vs_negative,Consolidation,TN,134.0
valid_rad_results,densenet_base224_enhanced,positive_vs_negative,Consolidation,TPR,0.3125
valid_rad_results,densenet_base224_enhanced,positive_vs_negative,Consolidation,FPR,0.21176470588235294
valid_rad_results,densenet_base224_enhanced,positive_vs_negative,Consolidation,FNR,0.6875
valid_rad_results,densenet_base224_enhanced,positive_vs_negative,Consolidation,TNR,0.788235294117647
valid_rad_results,densenet_base224_enhanced,positive_vs_negative,Consolidation,Precision,0.23404255319148937
valid_rad_results,densenet_base224_enhanced,positive_vs_negative,Consolidation,Recall,0.3333333333333333
valid_rad_results,densenet_base224_enhanced,positive_vs_negative,Consolidation,BER,0.4496323529411765
valid_rad_results,densenet_base224_enhanced,positive_vs_negative,Consolidation,F1 Score,0.275
valid_rad_results,densenet_base224_enhanced,positive_vs_negative,Edema,TP,25.0
valid_rad_results,densenet_base224_enhanced,positive_vs_negative,Edema,FP,50.0
valid_rad_results,densenet_base224_enhanced,positive_vs_negative,Edema,FN,17.0
valid_rad_results,densenet_base224_enhanced,positive_vs_negative,Edema,TN,110.0
valid_rad_results,densenet_base224_enhanced,positive_vs_negative,Edema,TPR,0.5952380952380952
valid_rad_results,densenet_base224_enhanced,positive_vs_negative,Edema,FPR,0.3125
valid_rad_results,densenet_base224_enhanced,positive_vs_negative,Edema,FNR,0.40476190476190477
valid_rad_results,densenet_base224_enhanced,positive_vs_negative,Edema,TNR,0.6875
valid_rad_results,densenet_base224_enhanced,positive_vs_negative,Edema,Precision,0.34210526315789475
valid_rad_results,densenet_base224_enhanced,positive_vs_negative,Edema,Recall,0.6046511627906976
valid_rad_results,densenet_base224_enhanced,positive_vs_negative,Edema,BER,0.3586309523809524
valid_rad_results,densenet_base224_enhanced,positive_vs_negative,Edema,F1 Score,0.43697478991596644
valid_rad_results,densenet_base224_enhanced,positive_vs_negative,Atelectasis,TP,15.0
valid_rad_results,densenet_base224_enhanced,positive_vs_negative,Atelectasis,FP,21.0
valid_rad_results,densenet_base224_enhanced,positive_vs_negative,Atelectasis,FN,60.0
valid_rad_results,densenet_base224_enhanced,positive_vs_negative,Atelectasis,TN,106.0
valid_rad_results,densenet_base224_enhanced,positive_vs_negative,Atelectasis,TPR,0.2
valid_rad_results,densenet_base224_enhanced,positive_vs_negative,Atelectasis,FPR,0.16535433070866143
valid_rad_results,densenet_base224_enhanced,positive_vs_negative,Atelectasis,FNR,0.8
valid_rad_results,densenet_base224_enhanced,positive_vs_negative,Atelectasis,TNR,0.8346456692913385
valid_rad_results,densenet_base224_enhanced,positive_vs_negative,Atelectasis,Precision,0.43243243243243246
valid_rad_results,densenet_base224_enhanced,positive_vs_negative,Atelectasis,Recall,0.21052631578947367
valid_rad_results,densenet_base224_enhanced,positive_vs_negative,Atelectasis,BER,0.48267716535433075
valid_rad_results,densenet_base224_enhanced,positive_vs_negative,Atelectasis,F1 Score,0.2831858407079646
valid_rad_results,densenet_base224_enhanced,positive_vs_negative,Pleural Effusion,TP,21.0
valid_rad_results,densenet_base224_enhanced,positive_vs_negative,Pleural Effusion,FP,27.0
valid_rad_results,densenet_base224_enhanced,positive_vs_negative,Pleural Effusion,FN,43.0
valid_rad_results,densenet_base224_enhanced,positive_vs_negative,Pleural Effusion,TN,111.0
valid_rad_results,densenet_base224_enhanced,positive_vs_negative,Pleural Effusion,TPR,0.328125
valid_rad_results,densenet_base224_enhanced,positive_vs_negative,Pleural Effusion,FPR,0.1956521739130435
valid_rad_results,densenet_base224_enhanced,positive_vs_negative,Pleural Effusion,FNR,0.671875
valid_rad_results,densenet_base224_enhanced,positive_vs_negative,Pleural Effusion,TNR,0.8043478260869565
valid_rad_results,densenet_base224_enhanced,positive_vs_negative,Pleural Effusion,Precision,0.4489795918367347
valid_rad_results,densenet_base224_enhanced,positive_vs_negative,Pleural Effusion,Recall,0.3384615384615385
valid_rad_results,densenet_base224_enhanced,positive_vs_negative,Pleural Effusion,BER,0.43376358695652173
valid_rad_results,densenet_base224_enhanced,positive_vs_negative,Pleural Effusion,F1 Score,0.3859649122807018
valid_rad_results,resnet_base384,positive_vs_negative,Cardiomegaly,TP,2.0
valid_rad_results,resnet_base384,positive_vs_negative,Cardiomegaly,FP,1.0
valid_rad_results,resnet_base384,positive_vs_negative,Cardiomegaly,FN,64.0
valid_rad_results,resnet_base384,positive_vs_negative,Cardiomegaly,TN,135.0
valid_rad_results,resnet_base384,positive_vs_negative,Cardiomegaly,TPR,0.030303030303030304
valid_rad_results,resnet_base384,positive_vs_negative,Cardiomegaly,FPR,0.007352941176470588
valid_rad_results,resnet_base384,positive_vs_negative,Cardiomegaly,FNR,0.9696969696969697
valid_rad_results,resnet_base384,positive_vs_negative,Cardiomegaly,TNR,0.9926470588235294
valid_rad_results,resnet_base384,positive_vs_negative,Cardiomegaly,Precision,0.75
valid_rad_results,resnet_base384,positive_vs_negative,Cardiomegaly,Recall,0.04477611940298507
valid_rad_results,resnet_base384,positive_vs_negative,Cardiomegaly,BER,0.48852495543672014
valid_rad_results,resnet_base384,positive_vs_negative,Cardiomegaly,F1 Score,0.08450704225352113
valid_rad_results,resnet_base384,positive_vs_negative,Consolidation,TP,10.0
valid_rad_results,resnet_base384,positive_vs_negative,Consolidation,FP,19.0
valid_rad_results,resnet_base384,positive_vs_negative,Consolidation,FN,22.0
valid_rad_results,resnet_base384,positive_vs_negative,Consolidation,TN,151.0
valid_rad_results,resnet_base384,positive_vs_negative,Consolidation,TPR,0.3125
valid_rad_results,resnet_base384,positive_vs_negative,Consolidation,FPR,0.11176470588235295
valid_rad_results,resnet_base384,positive_vs_negative,Consolidation,FNR,0.6875
valid_rad_results,resnet_base384,positive_vs_negative,Consolidation,TNR,0.888235294117647
valid_rad_results,resnet_base384,positive_vs_negative,Consolidation,Precision,0.36666666666666664
valid_rad_results,resnet_base384,positive_vs_negative,Consolidation,Recall,0.3333333333333333
valid_rad_results,resnet_base384,positive_vs_negative,Consolidation,BER,0.3996323529411765
valid_rad_results,resnet_base384,positive_vs_negative,Consolidation,F1 Score,0.3492063492063492
valid_rad_results,resnet_base384,positive_vs_negative,Edema,TP,0.0
valid_rad_results,resnet_base384,positive_vs_negative,Edema,FP,4.0
valid_rad_results,resnet_base384,positive_vs_negative,Edema,FN,42.0
valid_rad_results,resnet_base384,positive_vs_negative,Edema,TN,156.0
valid_rad_results,resnet_base384,positive_vs_negative,Edema,TPR,0.0
valid_rad_results,resnet_base384,positive_vs_negative,Edema,FPR,0.025
valid_rad_results,resnet_base384,positive_vs_negative,Edema,FNR,1.0
valid_rad_results,resnet_base384,positive_vs_negative,Edema,TNR,0.975
valid_rad_results,resnet_base384,positive_vs_negative,Edema,Precision,0.2
valid_rad_results,resnet_base384,positive_vs_negative,Edema,Recall,0.023255813953488372
valid_rad_results,resnet_base384,positive_vs_negative,Edema,BER,0.5125
valid_rad_results,resnet_base384,positive_vs_negative,Edema,F1 Score,0.041666666666666664
valid_rad_results,resnet_base384,positive_vs_negative,Atelectasis,TP,2.0
valid_rad_results,resnet_base384,positive_vs_negative,Atelectasis,FP,4.0
valid_rad_results,resnet_base384,positive_vs_negative,Atelectasis,FN,73.0
valid_rad_results,resnet_base384,positive_vs_negative,Atelectasis,TN,123.0
valid_rad_results,resnet_base384,positive_vs_negative,Atelectasis,TPR,0.02666666666666667
valid_rad_results,resnet_base384,positive_vs_negative,Atelectasis,FPR,0.031496062992125984
valid_rad_results,resnet_base384,positive_vs_negative,Atelectasis,FNR,0.9733333333333334
valid_rad_results,resnet_base384,positive_vs_negative,Atelectasis,TNR,0.968503937007874
valid_rad_results,resnet_base384,positive_vs_negative,Atelectasis,Precision,0.42857142857142855
valid_rad_results,resnet_base384,positive_vs_negative,Atelectasis,Recall,0.039473684210526314
valid_rad_results,resnet_base384,positive_vs_negative,Atelectasis,BER,0.5024146981627297
valid_rad_results,resnet_base384,positive_vs_negative,Atelectasis,F1 Score,0.07228915662650602
valid_rad_results,resnet_base384,positive_vs_negative,Pleural Effusion,TP,22.0
valid_rad_results,resnet_base384,positive_vs_negative,Pleural Effusion,FP,21.0
valid_rad_results,resnet_base384,positive_vs_negative,Pleural Effusion,FN,42.0
valid_rad_results,resnet_base384,positive_vs_negative,Pleural Effusion,TN,117.0
valid_rad_results,resnet_base384,positive_vs_negative,Pleural Effusion,TPR,0.34375
valid_rad_results,resnet_base384,positive_vs_negative,Pleural Effusion,FPR,0.15217391304347827
valid_rad_results,resnet_base384,positive_vs_negative,Pleural Effusion,FNR,0.65625
valid_rad_results,resnet_base384,positive_vs_negative,Pleural Effusion,TNR,0.8478260869565217
valid_rad_results,resnet_base384,positive_vs_negative,Pleural Effusion,Precision,0.5227272727272727
valid_rad_results,resnet_base384,positive_vs_negative,Pleural Effusion,Recall,0.35384615384615387
valid_rad_results,resnet_base384,positive_vs_negative,Pleural Effusion,BER,0.40421195652173914
valid_rad_results,resnet_base384,positive_vs_negative,Pleural Effusion,F1 Score,0.4220183486238532
valid_rad_results,resnet_base384_enhanced,positive_vs_negative,Cardiomegaly,TP,0.0
valid_rad_results,resnet_base384_enhanced,positive_vs_negative,Cardiomegaly,FP,2.0
valid_rad_results,resnet_base384_enhanced,positive_vs_negative,Cardiomegaly,FN,66.0
valid_rad_results,resnet_base384_enhanced,positive_vs_negative,Cardiomegaly,TN,134.0
valid_rad_results,resnet_base384_enhanced,positive_vs_negative,Cardiomegaly,TPR,0.0
valid_rad_results,resnet_base384_enhanced,positive_vs_negative,Cardiomegaly,FPR,0.014705882352941176
valid_rad_results,resnet_base384_enhanced,positive_vs_negative,Cardiomegaly,FNR,1.0
valid_rad_results,resnet_base384_enhanced,positive_vs_negative,Cardiomegaly,TNR,0.9852941176470589
valid_rad_results,resnet_base384_enhanced,positive_vs_negative,Cardiomegaly,Precision,0.3333333333333333
valid_rad_results,resnet_base384_enhanced,positive_vs_negative,Cardiomegaly,Recall,0.014925373134328358
valid_rad_results,resnet_base384_enhanced,positive_vs_negative,Cardiomegaly,BER,0.5073529411764706
valid_rad_results,resnet_base384_enhanced,positive_vs_negative,Cardiomegaly,F1 Score,0.028571428571428574
valid_rad_results,resnet_base384_enhanced,positive_vs_negative,Consolidation,TP,17.0
valid_rad_results,resnet_base384_enhanced,positive_vs_negative,Consolidation,FP,76.0
valid_rad_results,resnet_base384_enhanced,positive_vs_negative,Consolidation,FN,15.0
valid_rad_results,resnet_base384_enhanced,positive_vs_negative,Consolidation,TN,94.0
valid_rad_results,resnet_base384_enhanced,positive_vs_negative,Consolidation,TPR,0.53125
valid_rad_results,resnet_base384_enhanced,positive_vs_negative,Consolidation,FPR,0.4470588235294118
valid_rad_results,resnet_base384_enhanced,positive_vs_negative,Consolidation,FNR,0.46875
valid_rad_results,resnet_base384_enhanced,positive_vs_negative,Consolidation,TNR,0.5529411764705883
valid_rad_results,resnet_base384_enhanced,positive_vs_negative,Consolidation,Precision,0.19148936170212766
valid_rad_results,resnet_base384_enhanced,positive_vs_negative,Consolidation,Recall,0.5454545454545454
valid_rad_results,resnet_base384_enhanced,positive_vs_negative,Consolidation,BER,0.45790441176470587
valid_rad_results,resnet_base384_enhanced,positive_vs_negative,Consolidation,F1 Score,0.28346456692913385
valid_rad_results,resnet_base384_enhanced,positive_vs_negative,Edema,TP,0.0
valid_rad_results,resnet_base384_enhanced,positive_vs_negative,Edema,FP,2.0
valid_rad_results,resnet_base384_enhanced,positive_vs_negative,Edema,FN,42.0
valid_rad_results,resnet_base384_enhanced,positive_vs_negative,Edema,TN,158.0
valid_rad_results,resnet_base384_enhanced,positive_vs_negative,Edema,TPR,0.0
valid_rad_results,resnet_base384_enhanced,positive_vs_negative,Edema,FPR,0.0125
valid_rad_results,resnet_base384_enhanced,positive_vs_negative,Edema,FNR,1.0
valid_rad_results,resnet_base384_enhanced,positive_vs_negative,Edema,TNR,0.9875
valid_rad_results,resnet_base384_enhanced,positive_vs_negative,Edema,Precision,0.3333333333333333
valid_rad_results,resnet_base384_enhanced,positive_vs_negative,Edema,Recall,0.023255813953488372
valid_rad_results,resnet_base384_enhanced,positive_vs_negative,Edema,BER,0.50625
valid_rad_results,resnet_base384_enhanced,positive_vs_negative,Edema,F1 Score,0.04347826086956522
valid_rad_results,resnet_base384_enhanced,positive_vs_negative,Atelectasis,TP,0.0
valid_rad_results,resnet_base384_enhanced,positive_vs_negative,Atelectasis,FP,1.0
valid_rad_results,resnet_base384_enhanced,positive_vs_negative,Atelectasis,FN,75.0
valid_rad_results,resnet_base384_enhanced,positive_vs_negative,Atelectasis,TN,126.0
valid_rad_results,resnet_base384_enhanced,positive_vs_negative,Atelectasis,TPR,0.0
valid_rad_results,resnet_base384_enhanced,positive_vs_negative,Atelectasis,FPR,0.007874015748031496
valid_rad_results,resnet_base384_enhanced,positive_vs_negative,Atelectasis,FNR,1.0
valid_rad_results,resnet_base384_enhanced,positive_vs_negative,Atelectasis,TNR,0.9921259842519685
valid_rad_results,resnet_base384_enhanced,positive_vs_negative,Atelectasis,Precision,0.5
valid_rad_results,resnet_base384_enhanced,positive_vs_negative,Atelectasis,Recall,0.013157894736842105
valid_rad_results,resnet_base384_enhanced,positive_vs_negative,Atelectasis,BER,0.5039370078740157
valid_rad_results,resnet_base384_enhanced,positive_vs_negative,Atelectasis,F1 Score,0.025641025641025637
valid_rad_results,resnet_base384_enhanced,positive_vs_negative,Pleural Effusion,TP,41.0
valid_rad_results,resnet_base384_enhanced,positive_vs_negative,Pleural Effusion,FP,59.0
valid_rad_results,resnet_base384_enhanced,positive_vs_negative,Pleural Effusion,FN,23.0
valid_rad_results,resnet_base384_enhanced,positive_vs_negative,Pleural Effusion,TN,79.0
valid_rad_results,resnet_base384_enhanced,positive_vs_negative,Pleural Effusion,TPR,0.640625
valid_rad_results,resnet_base384_enhanced,positive_vs_negative,Pleural Effusion,FPR,0.427536231884058
valid_rad_results,resnet_base384_enhanced,positive_vs_negative,Pleural Effusion,FNR,0.359375
valid_rad_results,resnet_base384_enhanced,positive_vs_negative,Pleural Effusion,TNR,0.572463768115942
valid_rad_results,resnet_base384_enhanced,positive_vs_negative,Pleural Effusion,Precision,0.4158415841584158
valid_rad_results,resnet_base384_enhanced,positive_vs_negative,Pleural Effusion,Recall,0.6461538461538462
valid_rad_results,resnet_base384_enhanced,positive_vs_negative,Pleural Effusion,BER,0.393455615942029
valid_rad_results,resnet_base384_enhanced,positive_vs_negative,Pleural Effusion,F1 Score,0.5060240963855421
valid_rad_results,densenet_base384,positive_vs_negative,Cardiomegaly,TP,20.0
valid_rad_results,densenet_base384,positive_vs_negative,Cardiomegaly,FP,26.0
valid_rad_results,densenet_base384,positive_vs_negative,Cardiomegaly,FN,46.0
valid_rad_results,densenet_base384,positive_vs_negative,Cardiomegaly,TN,110.0
valid_rad_results,densenet_base384,positive_vs_negative,Cardiomegaly,TPR,0.30303030303030304
valid_rad_results,densenet_base384,positive_vs_negative,Cardiomegaly,FPR,0.19117647058823528
valid_rad_results,densenet_base384,positive_vs_negative,Cardiomegaly,FNR,0.696969696969697
valid_rad_results,densenet_base384,positive_vs_negative,Cardiomegaly,TNR,0.8088235294117647
valid_rad_results,densenet_base384,positive_vs_negative,Cardiomegaly,Precision,0.44680851063829785
valid_rad_results,densenet_base384,positive_vs_negative,Cardiomegaly,Recall,0.31343283582089554
valid_rad_results,densenet_base384,positive_vs_negative,Cardiomegaly,BER,0.44407308377896615
valid_rad_results,densenet_base384,positive_vs_negative,Cardiomegaly,F1 Score,0.3684210526315789
valid_rad_results,densenet_base384,positive_vs_negative,Consolidation,TP,6.0
valid_rad_results,densenet_base384,positive_vs_negative,Consolidation,FP,6.0
valid_rad_results,densenet_base384,positive_vs_negative,Consolidation,FN,26.0
valid_rad_results,densenet_base384,positive_vs_negative,Consolidation,TN,164.0
valid_rad_results,densenet_base384,positive_vs_negative,Consolidation,TPR,0.1875
valid_rad_results,densenet_base384,positive_vs_negative,Consolidation,FPR,0.03529411764705882
valid_rad_results,densenet_base384,positive_vs_negative,Consolidation,FNR,0.8125
valid_rad_results,densenet_base384,positive_vs_negative,Consolidation,TNR,0.9647058823529412
valid_rad_results,densenet_base384,positive_vs_negative,Consolidation,Precision,0.5384615384615384
valid_rad_results,densenet_base384,positive_vs_negative,Consolidation,Recall,0.21212121212121213
valid_rad_results,densenet_base384,positive_vs_negative,Consolidation,BER,0.4238970588235294
valid_rad_results,densenet_base384,positive_vs_negative,Consolidation,F1 Score,0.30434782608695654
valid_rad_results,densenet_base384,positive_vs_negative,Edema,TP,14.0
valid_rad_results,densenet_base384,positive_vs_negative,Edema,FP,24.0
valid_rad_results,densenet_base384,positive_vs_negative,Edema,FN,28.0
valid_rad_results,densenet_base384,positive_vs_negative,Edema,TN,136.0
valid_rad_results,densenet_base384,positive_vs_negative,Edema,TPR,0.3333333333333333
valid_rad_results,densenet_base384,positive_vs_negative,Edema,FPR,0.15
valid_rad_results,densenet_base384,positive_vs_negative,Edema,FNR,0.6666666666666666
valid_rad_results,densenet_base384,positive_vs_negative,Edema,TNR,0.85
valid_rad_results,densenet_base384,positive_vs_negative,Edema,Precision,0.38461538461538464
valid_rad_results,densenet_base384,positive_vs_negative,Edema,Recall,0.3488372093023256
valid_rad_results,densenet_base384,positive_vs_negative,Edema,BER,0.4083333333333333
valid_rad_results,densenet_base384,positive_vs_negative,Edema,F1 Score,0.3658536585365854
valid_rad_results,densenet_base384,positive_vs_negative,Atelectasis,TP,0.0
valid_rad_results,densenet_base384,positive_vs_negative,Atelectasis,FP,0.0
valid_rad_results,densenet_base384,positive_vs_negative,Atelectasis,FN,75.0
valid_rad_results,densenet_base384,positive_vs_negative,Atelectasis,TN,127.0
valid_rad_results,densenet_base384,positive_vs_negative,Atelectasis,TPR,0.0
valid_rad_results,densenet_base384,positive_vs_negative,Atelectasis,FPR,0.0
valid_rad_results,densenet_base384,positive_vs_negative,Atelectasis,FNR,1.0
valid_rad_results,densenet_base384,positive_vs_negative,Atelectasis,TNR,1.0
valid_rad_results,densenet_base384,positive_vs_negative,Atelectasis,Precision,1.0
valid_rad_results,densenet_base384,positive_vs_negative,Atelectasis,Recall,0.013157894736842105
valid_rad_results,densenet_base384,positive_vs_negative,Atelectasis,BER,
valid_rad_results,densenet_base384,positive_vs_negative,Atelectasis,F1 Score,0.025974025974025976
valid_rad_results,densenet_base384,positive_vs_negative,Pleural Effusion,TP,29.0
valid_rad_results,densenet_base384,positive_vs_negative,Pleural Effusion,FP,15.0
valid_rad_results,densenet_base384,positive_vs_negative,Pleural Effusion,FN,35.0
valid_rad_results,densenet_base384,positive_vs_negative,Pleural Effusion,TN,123.0
valid_rad_results,densenet_base384,positive_vs_negative,Pleural Effusion,TPR,0.453125
valid_rad_results,densenet_base384,positive_vs_negative,Pleural Effusion,FPR,0.10869565217391304
valid_rad_results,densenet_base384,positive_vs_negative,Pleural Effusion,FNR,0.546875
valid_rad_results,densenet_base384,positive_vs_negative,Pleural Effusion,TNR,0.8913043478260869
valid_rad_results,densenet_base384,positive_vs_negative,Pleural Effusion,Precision,0.6666666666666666
valid_rad_results,densenet_base384,positive_vs_negative,Pleural Effusion,Recall,0.46153846153846156
valid_rad_results,densenet_base384,positive_vs_negative,Pleural Effusion,BER,0.32778532608695654
valid_rad_results,densenet_base384,positive_vs_negative,Pleural Effusion,F1 Score,0.5454545454545455
valid_rad_results,densenet_base384_enhanced,positive_vs_negative,Cardiomegaly,TP,13.0
valid_rad_results,densenet_base384_enhanced,positive_vs_negative,Cardiomegaly,FP,9.0
valid_rad_results,densenet_base384_enhanced,positive_vs_negative,Cardiomegaly,FN,53.0
valid_rad_results,densenet_base384_enhanced,positive_vs_negative,Cardiomegaly,TN,127.0
valid_rad_results,densenet_base384_enhanced,positive_vs_negative,Cardiomegaly,TPR,0.19696969696969696
valid_rad_results,densenet_base384_enhanced,positive_vs_negative,Cardiomegaly,FPR,0.0661764705882353
valid_rad_results,densenet_base384_enhanced,positive_vs_negative,Cardiomegaly,FNR,0.803030303030303
valid_rad_results,densenet_base384_enhanced,positive_vs_negative,Cardiomegaly,TNR,0.9338235294117647
valid_rad_results,densenet_base384_enhanced,positive_vs_negative,Cardiomegaly,Precision,0.6086956521739131
valid_rad_results,densenet_base384_enhanced,positive_vs_negative,Cardiomegaly,Recall,0.208955223880597
valid_rad_results,densenet_base384_enhanced,positive_vs_negative,Cardiomegaly,BER,0.43460338680926913
valid_rad_results,densenet_base384_enhanced,positive_vs_negative,Cardiomegaly,F1 Score,0.31111111111111117
valid_rad_results,densenet_base384_enhanced,positive_vs_negative,Consolidation,TP,7.0
valid_rad_results,densenet_base384_enhanced,positive_vs_negative,Consolidation,FP,11.0
valid_rad_results,densenet_base384_enhanced,positive_vs_negative,Consolidation,FN,25.0
valid_rad_results,densenet_base384_enhanced,positive_vs_negative,Consolidation,TN,159.0
valid_rad_results,densenet_base384_enhanced,positive_vs_negative,Consolidation,TPR,0.21875
valid_rad_results,densenet_base384_enhanced,positive_vs_negative,Consolidation,FPR,0.06470588235294118
valid_rad_results,densenet_base384_enhanced,positive_vs_negative,Consolidation,FNR,0.78125
valid_rad_results,densenet_base384_enhanced,positive_vs_negative,Consolidation,TNR,0.9352941176470588
valid_rad_results,densenet_base384_enhanced,positive_vs_negative,Consolidation,Precision,0.42105263157894735
valid_rad_results,densenet_base384_enhanced,positive_vs_negative,Consolidation,Recall,0.24242424242424243
valid_rad_results,densenet_base384_enhanced,positive_vs_negative,Consolidation,BER,0.4229779411764706
valid_rad_results,densenet_base384_enhanced,positive_vs_negative,Consolidation,F1 Score,0.3076923076923077
valid_rad_results,densenet_base384_enhanced,positive_vs_negative,Edema,TP,9.0
valid_rad_results,densenet_base384_enhanced,positive_vs_negative,Edema,FP,14.0
valid_rad_results,densenet_base384_enhanced,positive_vs_negative,Edema,FN,33.0
valid_rad_results,densenet_base384_enhanced,positive_vs_negative,Edema,TN,146.0
valid_rad_results,densenet_base384_enhanced,positive_vs_negative,Edema,TPR,0.21428571428571427
valid_rad_results,densenet_base384_enhanced,positive_vs_negative,Edema,FPR,0.0875
valid_rad_results,densenet_base384_enhanced,positive_vs_negative,Edema,FNR,0.7857142857142857
valid_rad_results,densenet_base384_enhanced,positive_vs_negative,Edema,TNR,0.9125
valid_rad_results,densenet_base384_enhanced,positive_vs_negative,Edema,Precision,0.4166666666666667
valid_rad_results,densenet_base384_enhanced,positive_vs_negative,Edema,Recall,0.23255813953488372
valid_rad_results,densenet_base384_enhanced,positive_vs_negative,Edema,BER,0.43660714285714286
valid_rad_results,densenet_base384_enhanced,positive_vs_negative,Edema,F1 Score,0.29850746268656714
valid_rad_results,densenet_base384_enhanced,positive_vs_negative,Atelectasis,TP,3.0
valid_rad_results,densenet_base384_enhanced,positive_vs_negative,Atelectasis,FP,2.0
valid_rad_results,densenet_base384_enhanced,positive_vs_negative,Atelectasis,FN,72.0
valid_rad_results,densenet_base384_enhanced,positive_vs_negative,Atelectasis,TN,125.0
valid_rad_results,densenet_base384_enhanced,positive_vs_negative,Atelectasis,TPR,0.04
valid_rad_results,densenet_base384_enhanced,positive_vs_negative,Atelectasis,FPR,0.015748031496062992
valid_rad_results,densenet_base384_enhanced,positive_vs_negative,Atelectasis,FNR,0.96
valid_rad_results,densenet_base384_enhanced,positive_vs_negative,Atelectasis,TNR,0.984251968503937
valid_rad_results,densenet_base384_enhanced,positive_vs_negative,Atelectasis,Precision,0.6666666666666666
valid_rad_results,densenet_base384_enhanced,positive_vs_negative,Atelectasis,Recall,0.05263157894736842
valid_rad_results,densenet_base384_enhanced,positive_vs_negative,Atelectasis,BER,0.48787401574803146
valid_rad_results,densenet_base384_enhanced,positive_vs_negative,Atelectasis,F1 Score,0.09756097560975609
valid_rad_results,densenet_base384_enhanced,positive_vs_negative,Pleural Effusion,TP,24.0
valid_rad_results,densenet_base384_enhanced,positive_vs_negative,Pleural Effusion,FP,12.0
valid_rad_results,densenet_base384_enhanced,positive_vs_negative,Pleural Effusion,FN,40.0
valid_rad_results,densenet_base384_enhanced,positive_vs_negative,Pleural Effusion,TN,126.0
valid_rad_results,densenet_base384_enhanced,positive_vs_negative,Pleural Effusion,TPR,0.375
valid_rad_results,densenet_base384_enhanced,positive_vs_negative,Pleural Effusion,FPR,0.08695652173913043
valid_rad_results,densenet_base384_enhanced,positive_vs_negative,Pleural Effusion,FNR,0.625
valid_rad_results,densenet_base384_enhanced,positive_vs_negative,Pleural Effusion,TNR,0.9130434782608695
valid_rad_results,densenet_base384_enhanced,positive_vs_negative,Pleural Effusion,Precision,0.6756756756756757
valid_rad_results,densenet_base384_enhanced,positive_vs_negative,Pleural Effusion,Recall,0.38461538461538464
valid_rad_results,densenet_base384_enhanced,positive_vs_negative,Pleural Effusion,BER,0.3559782608695652
valid_rad_results,densenet_base384_enhanced,positive_vs_negative,Pleural Effusion,F1 Score,0.4901960784313726
valid_rad_results,resnet_base512,positive_vs_negative,Cardiomegaly,TP,3.0
valid_rad_results,resnet_base512,positive_vs_negative,Cardiomegaly,FP,5.0
valid_rad_results,resnet_base512,positive_vs_negative,Cardiomegaly,FN,63.0
valid_rad_results,resnet_base512,positive_vs_negative,Cardiomegaly,TN,131.0
valid_rad_results,resnet_base512,positive_vs_negative,Cardiomegaly,TPR,0.045454545454545456
valid_rad_results,resnet_base512,positive_vs_negative,Cardiomegaly,FPR,0.03676470588235294
valid_rad_results,resnet_base512,positive_vs_negative,Cardiomegaly,FNR,0.9545454545454546
valid_rad_results,resnet_base512,positive_vs_negative,Cardiomegaly,TNR,0.9632352941176471
valid_rad_results,resnet_base512,positive_vs_negative,Cardiomegaly,Precision,0.4444444444444444
valid_rad_results,resnet_base512,positive_vs_negative,Cardiomegaly,Recall,0.05970149253731343
valid_rad_results,resnet_base512,positive_vs_negative,Cardiomegaly,BER,0.49565508021390375
valid_rad_results,resnet_base512,positive_vs_negative,Cardiomegaly,F1 Score,0.10526315789473685
valid_rad_results,resnet_base512,positive_vs_negative,Consolidation,TP,9.0
valid_rad_results,resnet_base512,positive_vs_negative,Consolidation,FP,22.0
valid_rad_results,resnet_base512,positive_vs_negative,Consolidation,FN,23.0
valid_rad_results,resnet_base512,positive_vs_negative,Consolidation,TN,148.0
valid_rad_results,resnet_base512,positive_vs_negative,Consolidation,TPR,0.28125
valid_rad_results,resnet_base512,positive_vs_negative,Consolidation,FPR,0.12941176470588237
valid_rad_results,resnet_base512,positive_vs_negative,Consolidation,FNR,0.71875
valid_rad_results,resnet_base512,positive_vs_negative,Consolidation,TNR,0.8705882352941177
valid_rad_results,resnet_base512,positive_vs_negative,Consolidation,Precision,0.3125
valid_rad_results,resnet_base512,positive_vs_negative,Consolidation,Recall,0.30303030303030304
valid_rad_results,resnet_base512,positive_vs_negative,Consolidation,BER,0.42408088235294117
valid_rad_results,resnet_base512,positive_vs_negative,Consolidation,F1 Score,0.3076923076923077
valid_rad_results,resnet_base512,positive_vs_negative,Edema,TP,8.0
valid_rad_results,resnet_base512,positive_vs_negative,Edema,FP,15.0
valid_rad_results,resnet_base512,positive_vs_negative,Edema,FN,34.0
valid_rad_results,resnet_base512,positive_vs_negative,Edema,TN,145.0
valid_rad_results,resnet_base512,positive_vs_negative,Edema,TPR,0.19047619047619047
valid_rad_results,resnet_base512,positive_vs_negative,Edema,FPR,0.09375
valid_rad_results,resnet_base512,positive_vs_negative,Edema,FNR,0.8095238095238095
valid_rad_results,resnet_base512,positive_vs_negative,Edema,TNR,0.90625
valid_rad_results,resnet_base512,positive_vs_negative,Edema,Precision,0.375
valid_rad_results,resnet_base512,positive_vs_negative,Edema,Recall,0.20930232558139536
valid_rad_results,resnet_base512,positive_vs_negative,Edema,BER,0.45163690476190477
valid_rad_results,resnet_base512,positive_vs_negative,Edema,F1 Score,0.26865671641791045
valid_rad_results,resnet_base512,positive_vs_negative,Atelectasis,TP,4.0
valid_rad_results,resnet_base512,positive_vs_negative,Atelectasis,FP,9.0
valid_rad_results,resnet_base512,positive_vs_negative,Atelectasis,FN,71.0
valid_rad_results,resnet_base512,positive_vs_negative,Atelectasis,TN,118.0
valid_rad_results,resnet_base512,positive_vs_negative,Atelectasis,TPR,0.05333333333333334
valid_rad_results,resnet_base512,positive_vs_negative,Atelectasis,FPR,0.07086614173228346
valid_rad_results,resnet_base512,positive_vs_negative,Atelectasis,FNR,0.9466666666666667
valid_rad_results,resnet_base512,positive_vs_negative,Atelectasis,TNR,0.9291338582677166
valid_rad_results,resnet_base512,positive_vs_negative,Atelectasis,Precision,0.35714285714285715
valid_rad_results,resnet_base512,positive_vs_negative,Atelectasis,Recall,0.06578947368421052
valid_rad_results,resnet_base512,positive_vs_negative,Atelectasis,BER,0.508766404199475
valid_rad_results,resnet_base512,positive_vs_negative,Atelectasis,F1 Score,0.1111111111111111
valid_rad_results,resnet_base512,positive_vs_negative,Pleural Effusion,TP,49.0
valid_rad_results,resnet_base512,positive_vs_negative,Pleural Effusion,FP,40.0
valid_rad_results,resnet_base512,positive_vs_negative,Pleural Effusion,FN,15.0
valid_rad_results,resnet_base512,positive_vs_negative,Pleural Effusion,TN,98.0
valid_rad_results,resnet_base512,positive_vs_negative,Pleural Effusion,TPR,0.765625
valid_rad_results,resnet_base512,positive_vs_negative,Pleural Effusion,FPR,0.2898550724637681
valid_rad_results,resnet_base512,positive_vs_negative,Pleural Effusion,FNR,0.234375
valid_rad_results,resnet_base512,positive_vs_negative,Pleural Effusion,TNR,0.7101449275362319
valid_rad_results,resnet_base512,positive_vs_negative,Pleural Effusion,Precision,0.5555555555555556
valid_rad_results,resnet_base512,positive_vs_negative,Pleural Effusion,Recall,0.7692307692307693
valid_rad_results,resnet_base512,positive_vs_negative,Pleural Effusion,BER,0.26211503623188404
valid_rad_results,resnet_base512,positive_vs_negative,Pleural Effusion,F1 Score,0.6451612903225806
valid_rad_results,resnet_base512_enhanced,positive_vs_negative,Cardiomegaly,TP,9.0
valid_rad_results,resnet_base512_enhanced,positive_vs_negative,Cardiomegaly,FP,6.0
valid_rad_results,resnet_base512_enhanced,positive_vs_negative,Cardiomegaly,FN,57.0
valid_rad_results,resnet_base512_enhanced,positive_vs_negative,Cardiomegaly,TN,130.0
valid_rad_results,resnet_base512_enhanced,positive_vs_negative,Cardiomegaly,TPR,0.13636363636363635
valid_rad_results,resnet_base512_enhanced,positive_vs_negative,Cardiomegaly,FPR,0.04411764705882353
valid_rad_results,resnet_base512_enhanced,positive_vs_negative,Cardiomegaly,FNR,0.8636363636363636
valid_rad_results,resnet_base512_enhanced,positive_vs_negative,Cardiomegaly,TNR,0.9558823529411765
valid_rad_results,resnet_base512_enhanced,positive_vs_negative,Cardiomegaly,Precision,0.625
valid_rad_results,resnet_base512_enhanced,positive_vs_negative,Cardiomegaly,Recall,0.14925373134328357
valid_rad_results,resnet_base512_enhanced,positive_vs_negative,Cardiomegaly,BER,0.45387700534759357
valid_rad_results,resnet_base512_enhanced,positive_vs_negative,Cardiomegaly,F1 Score,0.24096385542168672
valid_rad_results,resnet_base512_enhanced,positive_vs_negative,Consolidation,TP,4.0
valid_rad_results,resnet_base512_enhanced,positive_vs_negative,Consolidation,FP,22.0
valid_rad_results,resnet_base512_enhanced,positive_vs_negative,Consolidation,FN,28.0
valid_rad_results,resnet_base512_enhanced,positive_vs_negative,Consolidation,TN,148.0
valid_rad_results,resnet_base512_enhanced,positive_vs_negative,Consolidation,TPR,0.125
valid_rad_results,resnet_base512_enhanced,positive_vs_negative,Consolidation,FPR,0.12941176470588237
valid_rad_results,resnet_base512_enhanced,positive_vs_negative,Consolidation,FNR,0.875
valid_rad_results,resnet_base512_enhanced,positive_vs_negative,Consolidation,TNR,0.8705882352941177
valid_rad_results,resnet_base512_enhanced,positive_vs_negative,Consolidation,Precision,0.18518518518518517
valid_rad_results,resnet_base512_enhanced,positive_vs_negative,Consolidation,Recall,0.15151515151515152
valid_rad_results,resnet_base512_enhanced,positive_vs_negative,Consolidation,BER,0.5022058823529412
valid_rad_results,resnet_base512_enhanced,positive_vs_negative,Consolidation,F1 Score,0.16666666666666666
valid_rad_results,resnet_base512_enhanced,positive_vs_negative,Edema,TP,4.0
valid_rad_results,resnet_base512_enhanced,positive_vs_negative,Edema,FP,5.0
valid_rad_results,resnet_base512_enhanced,positive_vs_negative,Edema,FN,38.0
valid_rad_results,resnet_base512_enhanced,positive_vs_negative,Edema,TN,155.0
valid_rad_results,resnet_base512_enhanced,positive_vs_negative,Edema,TPR,0.09523809523809523
valid_rad_results,resnet_base512_enhanced,positive_vs_negative,Edema,FPR,0.03125
valid_rad_results,resnet_base512_enhanced,positive_vs_negative,Edema,FNR,0.9047619047619048
valid_rad_results,resnet_base512_enhanced,positive_vs_negative,Edema,TNR,0.96875
valid_rad_results,resnet_base512_enhanced,positive_vs_negative,Edema,Precision,0.5
valid_rad_results,resnet_base512_enhanced,positive_vs_negative,Edema,Recall,0.11627906976744186
valid_rad_results,resnet_base512_enhanced,positive_vs_negative,Edema,BER,0.4680059523809524
valid_rad_results,resnet_base512_enhanced,positive_vs_negative,Edema,F1 Score,0.18867924528301888
valid_rad_results,resnet_base512_enhanced,positive_vs_negative,Atelectasis,TP,7.0
valid_rad_results,resnet_base512_enhanced,positive_vs_negative,Atelectasis,FP,22.0
valid_rad_results,resnet_base512_enhanced,positive_vs_negative,Atelectasis,FN,68.0
valid_rad_results,resnet_base512_enhanced,positive_vs_negative,Atelectasis,TN,105.0
valid_rad_results,resnet_base512_enhanced,positive_vs_negative,Atelectasis,TPR,0.09333333333333334
valid_rad_results,resnet_base512_enhanced,positive_vs_negative,Atelectasis,FPR,0.1732283464566929
valid_rad_results,resnet_base512_enhanced,positive_vs_negative,Atelectasis,FNR,0.9066666666666666
valid_rad_results,resnet_base512_enhanced,positive_vs_negative,Atelectasis,TNR,0.8267716535433071
valid_rad_results,resnet_base512_enhanced,positive_vs_negative,Atelectasis,Precision,0.26666666666666666
valid_rad_results,resnet_base512_enhanced,positive_vs_negative,Atelectasis,Recall,0.10526315789473684
valid_rad_results,resnet_base512_enhanced,positive_vs_negative,Atelectasis,BER,0.5399475065616798
valid_rad_results,resnet_base512_enhanced,positive_vs_negative,Atelectasis,F1 Score,0.1509433962264151
valid_rad_results,resnet_base512_enhanced,positive_vs_negative,Pleural Effusion,TP,54.0
valid_rad_results,resnet_base512_enhanced,positive_vs_negative,Pleural Effusion,FP,68.0
valid_rad_results,resnet_base512_enhanced,positive_vs_negative,Pleural Effusion,FN,10.0
valid_rad_results,resnet_base512_enhanced,positive_vs_negative,Pleural Effusion,TN,70.0
valid_rad_results,resnet_base512_enhanced,positive_vs_negative,Pleural Effusion,TPR,0.84375
valid_rad_results,resnet_base512_enhanced,positive_vs_negative,Pleural Effusion,FPR,0.4927536231884058
valid_rad_results,resnet_base512_enhanced,positive_vs_negative,Pleural Effusion,FNR,0.15625
valid_rad_results,resnet_base512_enhanced,positive_vs_negative,Pleural Effusion,TNR,0.5072463768115942
valid_rad_results,resnet_base512_enhanced,positive_vs_negative,Pleural Effusion,Precision,0.44715447154471544
valid_rad_results,resnet_base512_enhanced,positive_vs_negative,Pleural Effusion,Recall,0.8461538461538461
valid_rad_results,resnet_base512_enhanced,positive_vs_negative,Pleural Effusion,BER,0.3245018115942029
valid_rad_results,resnet_base512_enhanced,positive_vs_negative,Pleural Effusion,F1 Score,0.5851063829787234
valid_rad_results,densenet_base512,positive_vs_negative,Cardiomegaly,TP,13.0
valid_rad_results,densenet_base512,positive_vs_negative,Cardiomegaly,FP,9.0
valid_rad_results,densenet_base512,positive_vs_negative,Cardiomegaly,FN,53.0
valid_rad_results,densenet_base512,positive_vs_negative,Cardiomegaly,TN,127.0
valid_rad_results,densenet_base512,positive_vs_negative,Cardiomegaly,TPR,0.19696969696969696
valid_rad_results,densenet_base512,positive_vs_negative,Cardiomegaly,FPR,0.0661764705882353
valid_rad_results,densenet_base512,positive_vs_negative,Cardiomegaly,FNR,0.803030303030303
valid_rad_results,densenet_base512,positive_vs_negative,Cardiomegaly,TNR,0.9338235294117647
valid_rad_results,densenet_base512,positive_vs_negative,Cardiomegaly,Precision,0.6086956521739131
valid_rad_results,densenet_base512,positive_vs_negative,Cardiomegaly,Recall,0.208955223880597
valid_rad_results,densenet_base512,positive_vs_negative,Cardiomegaly,BER,0.43460338680926913
valid_rad_results,densenet_base512,positive_vs_negative,Cardiomegaly,F1 Score,0.31111111111111117
valid_rad_results,densenet_base512,positive_vs_negative,Consolidation,TP,7.0
valid_rad_results,densenet_base512,positive_vs_negative,Consolidation,FP,11.0
valid_rad_results,densenet_base512,positive_vs_negative,Consolidation,FN,25.0
valid_rad_results,densenet_base512,positive_vs_negative,Consolidation,TN,159.0
valid_rad_results,densenet_base512,positive_vs_negative,Consolidation,TPR,0.21875
valid_rad_results,densenet_base512,positive_vs_negative,Consolidation,FPR,0.06470588235294118
valid_rad_results,densenet_base512,positive_vs_negative,Consolidation,FNR,0.78125
valid_rad_results,densenet_base512,positive_vs_negative,Consolidation,TNR,0.9352941176470588
valid_rad_results,densenet_base512,positive_vs_negative,Consolidation,Precision,0.42105263157894735
valid_rad_results,densenet_base512,positive_vs_negative,Consolidation,Recall,0.24242424242424243
valid_rad_results,densenet_base512,positive_vs_negative,Consolidation,BER,0.4229779411764706
valid_rad_results,densenet_base512,positive_vs_negative,Consolidation,F1 Score,0.3076923076923077
valid_rad_results,densenet_base512,positive_vs_negative,Edema,TP,9.0
valid_rad_results,densenet_base512,positive_vs_negative,Edema,FP,14.0
valid_rad_results,densenet_base512,positive_vs_negative,Edema,FN,33.0
valid_rad_results,densenet_base512,positive_vs_negative,Edema,TN,146.0
valid_rad_results,densenet_base512,positive_vs_negative,Edema,TPR,0.21428571428571427
valid_rad_results,densenet_base512,positive_vs_negative,Edema,FPR,0.0875
valid_rad_results,densenet_base512,positive_vs_negative,Edema,FNR,0.7857142857142857
valid_rad_results,densenet_base512,positive_vs_negative,Edema,TNR,0.9125
valid_rad_results,densenet_base512,positive_vs_negative,Edema,Precision,0.4166666666666667
valid_rad_results,densenet_base512,positive_vs_negative,Edema,Recall,0.23255813953488372
valid_rad_results,densenet_base512,positive_vs_negative,Edema,BER,0.43660714285714286
valid_rad_results,densenet_base512,positive_vs_negative,Edema,F1 Score,0.29850746268656714
valid_rad_results,densenet_base512,positive_vs_negative,Atelectasis,TP,3.0
valid_rad_results,densenet_base512,positive_vs_negative,Atelectasis,FP,2.0
valid_rad_results,densenet_base512,positive_vs_negative,Atelectasis,FN,72.0
valid_rad_results,densenet_base512,positive_vs_negative,Atelectasis,TN,125.0
valid_rad_results,densenet_base512,positive_vs_negative,Atelectasis,TPR,0.04
valid_rad_results,densenet_base512,positive_vs_negative,Atelectasis,FPR,0.015748031496062992
valid_rad_results,densenet_base512,positive_vs_negative,Atelectasis,FNR,0.96
valid_rad_results,densenet_base512,positive_vs_negative,Atelectasis,TNR,0.984251968503937
valid_rad_results,densenet_base512,positive_vs_negative,Atelectasis,Precision,0.6666666666666666
valid_rad_results,densenet_base512,positive_vs_negative,Atelectasis,Recall,0.05263157894736842
valid_rad_results,densenet_base512,positive_vs_negative,Atelectasis,BER,0.48787401574803146
valid_rad_results,densenet_base512,positive_vs_negative,Atelectasis,F1 Score,0.09756097560975609
valid_rad_results,densenet_base512,positive_vs_negative,Pleural Effusion,TP,24.0
valid_rad_results,densenet_base512,positive_vs_negative,Pleural Effusion,FP,12.0
valid_rad_results,densenet_base512,positive_vs_negative,Pleural Effusion,FN,40.0
valid_rad_results,densenet_base512,positive_vs_negative,Pleural Effusion,TN,126.0
valid_rad_results,densenet_base512,positive_vs_negative,Pleural Effusion,TPR,0.375
valid_rad_results,densenet_base512,positive_vs_negative,Pleural Effusion,FPR,0.08695652173913043
valid_rad_results,densenet_base512,positive_vs_negative,Pleural Effusion,FNR,0.625
valid_rad_results,densenet_base512,positive_vs_negative,Pleural Effusion,TNR,0.9130434782608695
valid_rad_results,densenet_base512,positive_vs_negative,Pleural Effusion,Precision,0.6756756756756757
valid_rad_results,densenet_base512,positive_vs_negative,Pleural Effusion,Recall,0.38461538461538464
valid_rad_results,densenet_base512,positive_vs_negative,Pleural Effusion,BER,0.3559782608695652
valid_rad_results,densenet_base512,positive_vs_negative,Pleural Effusion,F1 Score,0.4901960784313726
valid_rad_results,densenet_base512_enhanced,positive_vs_negative,Cardiomegaly,TP,2.0
valid_rad_results,densenet_base512_enhanced,positive_vs_negative,Cardiomegaly,FP,1.0
valid_rad_results,densenet_base512_enhanced,positive_vs_negative,Cardiomegaly,FN,64.0
valid_rad_results,densenet_base512_enhanced,positive_vs_negative,Cardiomegaly,TN,135.0
valid_rad_results,densenet_base512_enhanced,positive_vs_negative,Cardiomegaly,TPR,0.030303030303030304
valid_rad_results,densenet_base512_enhanced,positive_vs_negative,Cardiomegaly,FPR,0.007352941176470588
valid_rad_results,densenet_base512_enhanced,positive_vs_negative,Cardiomegaly,FNR,0.9696969696969697
valid_rad_results,densenet_base512_enhanced,positive_vs_negative,Cardiomegaly,TNR,0.9926470588235294
valid_rad_results,densenet_base512_enhanced,positive_vs_negative,Cardiomegaly,Precision,0.75
valid_rad_results,densenet_base512_enhanced,positive_vs_negative,Cardiomegaly,Recall,0.04477611940298507
valid_rad_results,densenet_base512_enhanced,positive_vs_negative,Cardiomegaly,BER,0.48852495543672014
valid_rad_results,densenet_base512_enhanced,positive_vs_negative,Cardiomegaly,F1 Score,0.08450704225352113
valid_rad_results,densenet_base512_enhanced,positive_vs_negative,Consolidation,TP,10.0
valid_rad_results,densenet_base512_enhanced,positive_vs_negative,Consolidation,FP,19.0
valid_rad_results,densenet_base512_enhanced,positive_vs_negative,Consolidation,FN,22.0
valid_rad_results,densenet_base512_enhanced,positive_vs_negative,Consolidation,TN,151.0
valid_rad_results,densenet_base512_enhanced,positive_vs_negative,Consolidation,TPR,0.3125
valid_rad_results,densenet_base512_enhanced,positive_vs_negative,Consolidation,FPR,0.11176470588235295
valid_rad_results,densenet_base512_enhanced,positive_vs_negative,Consolidation,FNR,0.6875
valid_rad_results,densenet_base512_enhanced,positive_vs_negative,Consolidation,TNR,0.888235294117647
valid_rad_results,densenet_base512_enhanced,positive_vs_negative,Consolidation,Precision,0.36666666666666664
valid_rad_results,densenet_base512_enhanced,positive_vs_negative,Consolidation,Recall,0.3333333333333333
valid_rad_results,densenet_base512_enhanced,positive_vs_negative,Consolidation,BER,0.3996323529411765
valid_rad_results,densenet_base512_enhanced,positive_vs_negative,Consolidation,F1 Score,0.3492063492063492
valid_rad_results,densenet_base512_enhanced,positive_vs_negative,Edema,TP,0.0
valid_rad_results,densenet_base512_enhanced,positive_vs_negative,Edema,FP,4.0
valid_rad_results,densenet_base512_enhanced,positive_vs_negative,Edema,FN,42.0
valid_rad_results,densenet_base512_enhanced,positive_vs_negative,Edema,TN,156.0
valid_rad_results,densenet_base512_enhanced,positive_vs_negative,Edema,TPR,0.0
valid_rad_results,densenet_base512_enhanced,positive_vs_negative,Edema,FPR,0.025
valid_rad_results,densenet_base512_enhanced,positive_vs_negative,Edema,FNR,1.0
valid_rad_results,densenet_base512_enhanced,positive_vs_negative,Edema,TNR,0.975
valid_rad_results,densenet_base512_enhanced,positive_vs_negative,Edema,Precision,0.2
valid_rad_results,densenet_base512_enhanced,positive_vs_negative,Edema,Recall,0.023255813953488372
valid_rad_results,densenet_base512_enhanced,positive_vs_negative,Edema,BER,0.5125
valid_rad_results,densenet_base512_enhanced,positive_vs_negative,Edema,F1 Score,0.041666666666666664
valid_rad_results,densenet_base512_enhanced,positive_vs_negative,Atelectasis,TP,2.0
valid_rad_results,densenet_base512_enhanced,positive_vs_negative,Atelectasis,FP,4.0
valid_rad_results,densenet_base512_enhanced,positive_vs_negative,Atelectasis,FN,73.0
valid_rad_results,densenet_base512_enhanced,positive_vs_negative,Atelectasis,TN,123.0
valid_rad_results,densenet_base512_enhanced,positive_vs_negative,Atelectasis,TPR,0.02666666666666667
valid_rad_results,densenet_base512_enhanced,positive_vs_negative,Atelectasis,FPR,0.031496062992125984
valid_rad_results,densenet_base512_enhanced,positive_vs_negative,Atelectasis,FNR,0.9733333333333334
valid_rad_results,densenet_base512_enhanced,positive_vs_negative,Atelectasis,TNR,0.968503937007874
valid_rad_results,densenet_base512_enhanced,positive_vs_negative,Atelectasis,Precision,0.42857142857142855
valid_rad_results,densenet_base512_enhanced,positive_vs_negative,Atelectasis,Recall,0.039473684210526314
valid_rad_results,densenet_base512_enhanced,positive_vs_negative,Atelectasis,BER,0.5024146981627297
valid_rad_results,densenet_base512_enhanced,positive_vs_negative,Atelectasis,F1 Score,0.07228915662650602
valid_rad_results,densenet_base512_enhanced,positive_vs_negative,Pleural Effusion,TP,22.0
valid_rad_results,densenet_base512_enhanced,positive_vs_negative,Pleural Effusion,FP,21.0
valid_rad_results,densenet_base512_enhanced,positive_vs_negative,Pleural Effusion,FN,42.0
valid_rad_results,densenet_base512_enhanced,positive_vs_negative,Pleural Effusion,TN,117.0
valid_rad_results,densenet_base512_enhanced,positive_vs_negative,Pleural Effusion,TPR,0.34375
valid_rad_results,densenet_base512_enhanced,positive_vs_negative,Pleural Effusion,FPR,0.15217391304347827
valid_rad_results,densenet_base512_enhanced,positive_vs_negative,Pleural Effusion,FNR,0.65625
valid_rad_results,densenet_base512_enhanced,positive_vs_negative,Pleural Effusion,TNR,0.8478260869565217
valid_rad_results,densenet_base512_enhanced,positive_vs_negative,Pleural Effusion,Precision,0.5227272727272727
valid_rad_results,densenet_base512_enhanced,positive_vs_negative,Pleural Effusion,Recall,0.35384615384615387
valid_rad_results,densenet_base512_enhanced,positive_vs_negative,Pleural Effusion,BER,0.40421195652173914
valid_rad_results,densenet_base512_enhanced,positive_vs_negative,Pleural Effusion,F1 Score,0.4220183486238532
test_rad_results,resnet_base224,positive_vs_negative,Cardiomegaly,TP,36.0
test_rad_results,resnet_base224,positive_vs_negative,Cardiomegaly,FP,25.0
test_rad_results,resnet_base224,positive_vs_negative,Cardiomegaly,FN,118.0
test_rad_results,resnet_base224,positive_vs_negative,Cardiomegaly,TN,339.0
test_rad_results,resnet_base224,positive_vs_negative,Cardiomegaly,TPR,0.23376623376623376
test_rad_results,resnet_base224,positive_vs_negative,Cardiomegaly,FPR,0.06868131868131869
test_rad_results,resnet_base224,positive_vs_negative,Cardiomegaly,FNR,0.7662337662337663
test_rad_results,resnet_base224,positive_vs_negative,Cardiomegaly,TNR,0.9313186813186813
test_rad_results,resnet_base224,positive_vs_negative,Cardiomegaly,Precision,0.5967741935483871
test_rad_results,resnet_base224,positive_vs_negative,Cardiomegaly,Recall,0.23870967741935484
test_rad_results,resnet_base224,positive_vs_negative,Cardiomegaly,BER,0.41745754245754246
test_rad_results,resnet_base224,positive_vs_negative,Cardiomegaly,F1 Score,0.34101382488479265
test_rad_results,resnet_base224,positive_vs_negative,Consolidation,TP,13.0
test_rad_results,resnet_base224,positive_vs_negative,Consolidation,FP,105.0
test_rad_results,resnet_base224,positive_vs_negative,Consolidation,FN,16.0
test_rad_results,resnet_base224,positive_vs_negative,Consolidation,TN,384.0
test_rad_results,resnet_base224,positive_vs_negative,Consolidation,TPR,0.4482758620689655
test_rad_results,resnet_base224,positive_vs_negative,Consolidation,FPR,0.2147239263803681
test_rad_results,resnet_base224,positive_vs_negative,Consolidation,FNR,0.5517241379310345
test_rad_results,resnet_base224,positive_vs_negative,Consolidation,TNR,0.7852760736196319
test_rad_results,resnet_base224,positive_vs_negative,Consolidation,Precision,0.11764705882352941
test_rad_results,resnet_base224,positive_vs_negative,Consolidation,Recall,0.4666666666666667
test_rad_results,resnet_base224,positive_vs_negative,Consolidation,BER,0.3832240321557013
test_rad_results,resnet_base224,positive_vs_negative,Consolidation,F1 Score,0.1879194630872483
test_rad_results,resnet_base224,positive_vs_negative,Edema,TP,18.0
test_rad_results,resnet_base224,positive_vs_negative,Edema,FP,47.0
test_rad_results,resnet_base224,positive_vs_negative,Edema,FN,61.0
test_rad_results,resnet_base224,positive_vs_negative,Edema,TN,392.0
test_rad_results,resnet_base224,positive_vs_negative,Edema,TPR,0.22784810126582278
test_rad_results,resnet_base224,positive_vs_negative,Edema,FPR,0.1070615034168565
test_rad_results,resnet_base224,positive_vs_negative,Edema,FNR,0.7721518987341772
test_rad_results,resnet_base224,positive_vs_negative,Edema,TNR,0.8929384965831435
test_rad_results,resnet_base224,positive_vs_negative,Edema,Precision,0.2878787878787879
test_rad_results,resnet_base224,positive_vs_negative,Edema,Recall,0.2375
test_rad_results,resnet_base224,positive_vs_negative,Edema,BER,0.43960670107551686
test_rad_results,resnet_base224,positive_vs_negative,Edema,F1 Score,0.2602739726027397
test_rad_results,resnet_base224,positive_vs_negative,Atelectasis,TP,11.0
test_rad_results,resnet_base224,positive_vs_negative,Atelectasis,FP,41.0
test_rad_results,resnet_base224,positive_vs_negative,Atelectasis,FN,147.0
test_rad_results,resnet_base224,positive_vs_negative,Atelectasis,TN,319.0
test_rad_results,resnet_base224,positive_vs_negative,Atelectasis,TPR,0.06962025316455696
test_rad_results,resnet_base224,positive_vs_negative,Atelectasis,FPR,0.11388888888888889
test_rad_results,resnet_base224,positive_vs_negative,Atelectasis,FNR,0.930379746835443
test_rad_results,resnet_base224,positive_vs_negative,Atelectasis,TNR,0.8861111111111111
test_rad_results,resnet_base224,positive_vs_negative,Atelectasis,Precision,0.22641509433962265
test_rad_results,resnet_base224,positive_vs_negative,Atelectasis,Recall,0.07547169811320754
test_rad_results,resnet_base224,positive_vs_negative,Atelectasis,BER,0.5221343178621659
test_rad_results,resnet_base224,positive_vs_negative,Atelectasis,F1 Score,0.11320754716981134
test_rad_results,resnet_base224,positive_vs_negative,Pleural Effusion,TP,60.0
test_rad_results,resnet_base224,positive_vs_negative,Pleural Effusion,FP,91.0
test_rad_results,resnet_base224,positive_vs_negative,Pleural Effusion,FN,45.0
test_rad_results,resnet_base224,positive_vs_negative,Pleural Effusion,TN,322.0
test_rad_results,resnet_base224,positive_vs_negative,Pleural Effusion,TPR,0.5714285714285714
test_rad_results,resnet_base224,positive_vs_negative,Pleural Effusion,FPR,0.22033898305084745
test_rad_results,resnet_base224,positive_vs_negative,Pleural Effusion,FNR,0.42857142857142855
test_rad_results,resnet_base224,positive_vs_negative,Pleural Effusion,TNR,0.7796610169491526
test_rad_results,resnet_base224,positive_vs_negative,Pleural Effusion,Precision,0.40131578947368424
test_rad_results,resnet_base224,positive_vs_negative,Pleural Effusion,Recall,0.5754716981132075
test_rad_results,resnet_base224,positive_vs_negative,Pleural Effusion,BER,0.324455205811138
test_rad_results,resnet_base224,positive_vs_negative,Pleural Effusion,F1 Score,0.4728682170542635
test_rad_results,resnet_base224_enhanced,positive_vs_negative,Cardiomegaly,TP,12.0
test_rad_results,resnet_base224_enhanced,positive_vs_negative,Cardiomegaly,FP,18.0
test_rad_results,resnet_base224_enhanced,positive_vs_negative,Cardiomegaly,FN,142.0
test_rad_results,resnet_base224_enhanced,positive_vs_negative,Cardiomegaly,TN,346.0
test_rad_results,resnet_base224_enhanced,positive_vs_negative,Cardiomegaly,TPR,0.07792207792207792
test_rad_results,resnet_base224_enhanced,positive_vs_negative,Cardiomegaly,FPR,0.04945054945054945
test_rad_results,resnet_base224_enhanced,positive_vs_negative,Cardiomegaly,FNR,0.922077922077922
test_rad_results,resnet_base224_enhanced,positive_vs_negative,Cardiomegaly,TNR,0.9505494505494505
test_rad_results,resnet_base224_enhanced,positive_vs_negative,Cardiomegaly,Precision,0.41935483870967744
test_rad_results,resnet_base224_enhanced,positive_vs_negative,Cardiomegaly,Recall,0.08387096774193549
test_rad_results,resnet_base224_enhanced,positive_vs_negative,Cardiomegaly,BER,0.4857642357642358
test_rad_results,resnet_base224_enhanced,positive_vs_negative,Cardiomegaly,F1 Score,0.13978494623655915
test_rad_results,resnet_base224_enhanced,positive_vs_negative,Consolidation,TP,22.0
test_rad_results,resnet_base224_enhanced,positive_vs_negative,Consolidation,FP,239.0
test_rad_results,resnet_base224_enhanced,positive_vs_negative,Consolidation,FN,7.0
test_rad_results,resnet_base224_enhanced,positive_vs_negative,Consolidation,TN,250.0
test_rad_results,resnet_base224_enhanced,positive_vs_negative,Consolidation,TPR,0.7586206896551724
test_rad_results,resnet_base224_enhanced,positive_vs_negative,Consolidation,FPR,0.4887525562372188
test_rad_results,resnet_base224_enhanced,positive_vs_negative,Consolidation,FNR,0.2413793103448276
test_rad_results,resnet_base224_enhanced,positive_vs_negative,Consolidation,TNR,0.5112474437627812
test_rad_results,resnet_base224_enhanced,positive_vs_negative,Consolidation,Precision,0.08778625954198473
test_rad_results,resnet_base224_enhanced,positive_vs_negative,Consolidation,Recall,0.7666666666666667
test_rad_results,resnet_base224_enhanced,positive_vs_negative,Consolidation,BER,0.3650659332910232
test_rad_results,resnet_base224_enhanced,positive_vs_negative,Consolidation,F1 Score,0.15753424657534248
test_rad_results,resnet_base224_enhanced,positive_vs_negative,Edema,TP,3.0
test_rad_results,resnet_base224_enhanced,positive_vs_negative,Edema,FP,14.0
test_rad_results,resnet_base224_enhanced,positive_vs_negative,Edema,FN,76.0
test_rad_results,resnet_base224_enhanced,positive_vs_negative,Edema,TN,425.0
test_rad_results,resnet_base224_enhanced,positive_vs_negative,Edema,TPR,0.0379746835443038
test_rad_results,resnet_base224_enhanced,positive_vs_negative,Edema,FPR,0.03189066059225513
test_rad_results,resnet_base224_enhanced,positive_vs_negative,Edema,FNR,0.9620253164556962
test_rad_results,resnet_base224_enhanced,positive_vs_negative,Edema,TNR,0.9681093394077449
test_rad_results,resnet_base224_enhanced,positive_vs_negative,Edema,Precision,0.2222222222222222
test_rad_results,resnet_base224_enhanced,positive_vs_negative,Edema,Recall,0.05
test_rad_results,resnet_base224_enhanced,positive_vs_negative,Edema,BER,0.49695798852397566
test_rad_results,resnet_base224_enhanced,positive_vs_negative,Edema,F1 Score,0.0816326530612245
test_rad_results,resnet_base224_enhanced,positive_vs_negative,Atelectasis,TP,3.0
test_rad_results,resnet_base224_enhanced,positive_vs_negative,Atelectasis,FP,4.0
test_rad_results,resnet_base224_enhanced,positive_vs_negative,Atelectasis,FN,155.0
test_rad_results,resnet_base224_enhanced,positive_vs_negative,Atelectasis,TN,356.0
test_rad_results,resnet_base224_enhanced,positive_vs_negative,Atelectasis,TPR,0.0189873417721519
test_rad_results,resnet_base224_enhanced,positive_vs_negative,Atelectasis,FPR,0.011111111111111112
test_rad_results,resnet_base224_enhanced,positive_vs_negative,Atelectasis,FNR,0.9810126582278481
test_rad_results,resnet_base224_enhanced,positive_vs_negative,Atelectasis,TNR,0.9888888888888889
test_rad_results,resnet_base224_enhanced,positive_vs_negative,Atelectasis,Precision,0.5
test_rad_results,resnet_base224_enhanced,positive_vs_negative,Atelectasis,Recall,0.025157232704402517
test_rad_results,resnet_base224_enhanced,positive_vs_negative,Atelectasis,BER,0.4960618846694796
test_rad_results,resnet_base224_enhanced,positive_vs_negative,Atelectasis,F1 Score,0.04790419161676647
test_rad_results,resnet_base224_enhanced,positive_vs_negative,Pleural Effusion,TP,57.0
test_rad_results,resnet_base224_enhanced,positive_vs_negative,Pleural Effusion,FP,123.0
test_rad_results,resnet_base224_enhanced,positive_vs_negative,Pleural Effusion,FN,48.0
test_rad_results,resnet_base224_enhanced,positive_vs_negative,Pleural Effusion,TN,290.0
test_rad_results,resnet_base224_enhanced,positive_vs_negative,Pleural Effusion,TPR,0.5428571428571428
test_rad_results,resnet_base224_enhanced,positive_vs_negative,Pleural Effusion,FPR,0.29782082324455206
test_rad_results,resnet_base224_enhanced,positive_vs_negative,Pleural Effusion,FNR,0.45714285714285713
test_rad_results,resnet_base224_enhanced,positive_vs_negative,Pleural Effusion,TNR,0.7021791767554479
test_rad_results,resnet_base224_enhanced,positive_vs_negative,Pleural Effusion,Precision,0.32044198895027626
test_rad_results,resnet_base224_enhanced,positive_vs_negative,Pleural Effusion,Recall,0.5471698113207547
test_rad_results,resnet_base224_enhanced,positive_vs_negative,Pleural Effusion,BER,0.37748184019370457
test_rad_results,resnet_base224_enhanced,positive_vs_negative,Pleural Effusion,F1 Score,0.40418118466898956
test_rad_results,densenet_base224,positive_vs_negative,Cardiomegaly,TP,99.0
test_rad_results,densenet_base224,positive_vs_negative,Cardiomegaly,FP,120.0
test_rad_results,densenet_base224,positive_vs_negative,Cardiomegaly,FN,55.0
test_rad_results,densenet_base224,positive_vs_negative,Cardiomegaly,TN,244.0
test_rad_results,densenet_base224,positive_vs_negative,Cardiomegaly,TPR,0.6428571428571429
test_rad_results,densenet_base224,positive_vs_negative,Cardiomegaly,FPR,0.32967032967032966
test_rad_results,densenet_base224,positive_vs_negative,Cardiomegaly,FNR,0.35714285714285715
test_rad_results,densenet_base224,positive_vs_negative,Cardiomegaly,TNR,0.6703296703296703
test_rad_results,densenet_base224,positive_vs_negative,Cardiomegaly,Precision,0.45454545454545453
test_rad_results,densenet_base224,positive_vs_negative,Cardiomegaly,Recall,0.6451612903225806
test_rad_results,densenet_base224,positive_vs_negative,Cardiomegaly,BER,0.3434065934065934
test_rad_results,densenet_base224,positive_vs_negative,Cardiomegaly,F1 Score,0.5333333333333333
test_rad_results,densenet_base224,positive_vs_negative,Consolidation,TP,15.0
test_rad_results,densenet_base224,positive_vs_negative,Consolidation,FP,85.0
test_rad_results,densenet_base224,positive_vs_negative,Consolidation,FN,14.0
test_rad_results,densenet_base224,positive_vs_negative,Consolidation,TN,404.0
test_rad_results,densenet_base224,positive_vs_negative,Consolidation,TPR,0.5172413793103449
test_rad_results,densenet_base224,positive_vs_negative,Consolidation,FPR,0.1738241308793456
test_rad_results,densenet_base224,positive_vs_negative,Consolidation,FNR,0.4827586206896552
test_rad_results,densenet_base224,positive_vs_negative,Consolidation,TNR,0.8261758691206544
test_rad_results,densenet_base224,positive_vs_negative,Consolidation,Precision,0.15841584158415842
test_rad_results,densenet_base224,positive_vs_negative,Consolidation,Recall,0.5333333333333333
test_rad_results,densenet_base224,positive_vs_negative,Consolidation,BER,0.3282913757845004
test_rad_results,densenet_base224,positive_vs_negative,Consolidation,F1 Score,0.24427480916030533
test_rad_results,densenet_base224,positive_vs_negative,Edema,TP,51.0
test_rad_results,densenet_base224,positive_vs_negative,Edema,FP,149.0
test_rad_results,densenet_base224,positive_vs_negative,Edema,FN,28.0
test_rad_results,densenet_base224,positive_vs_negative,Edema,TN,290.0
test_rad_results,densenet_base224,positive_vs_negative,Edema,TPR,0.6455696202531646
test_rad_results,densenet_base224,positive_vs_negative,Edema,FPR,0.33940774487471526
test_rad_results,densenet_base224,positive_vs_negative,Edema,FNR,0.35443037974683544
test_rad_results,densenet_base224,positive_vs_negative,Edema,TNR,0.6605922551252847
test_rad_results,densenet_base224,positive_vs_negative,Edema,Precision,0.25870646766169153
test_rad_results,densenet_base224,positive_vs_negative,Edema,Recall,0.65
test_rad_results,densenet_base224,positive_vs_negative,Edema,BER,0.34691906231077535
test_rad_results,densenet_base224,positive_vs_negative,Edema,F1 Score,0.3701067615658363
test_rad_results,densenet_base224,positive_vs_negative,Atelectasis,TP,42.0
test_rad_results,densenet_base224,positive_vs_negative,Atelectasis,FP,110.0
test_rad_results,densenet_base224,positive_vs_negative,Atelectasis,FN,116.0
test_rad_results,densenet_base224,positive_vs_negative,Atelectasis,TN,250.0
test_rad_results,densenet_base224,positive_vs_negative,Atelectasis,TPR,0.26582278481012656
test_rad_results,densenet_base224,positive_vs_negative,Atelectasis,FPR,0.3055555555555556
test_rad_results,densenet_base224,positive_vs_negative,Atelectasis,FNR,0.7341772151898734
test_rad_results,densenet_base224,positive_vs_negative,Atelectasis,TNR,0.6944444444444444
test_rad_results,densenet_base224,positive_vs_negative,Atelectasis,Precision,0.28104575163398693
test_rad_results,densenet_base224,positive_vs_negative,Atelectasis,Recall,0.27044025157232704
test_rad_results,densenet_base224,positive_vs_negative,Atelectasis,BER,0.5198663853727146
test_rad_results,densenet_base224,positive_vs_negative,Atelectasis,F1 Score,0.27564102564102566
test_rad_results,densenet_base224,positive_vs_negative,Pleural Effusion,TP,72.0
test_rad_results,densenet_base224,positive_vs_negative,Pleural Effusion,FP,112.0
test_rad_results,densenet_base224,positive_vs_negative,Pleural Effusion,FN,33.0
test_rad_results,densenet_base224,positive_vs_negative,Pleural Effusion,TN,301.0
test_rad_results,densenet_base224,positive_vs_negative,Pleural Effusion,TPR,0.6857142857142857
test_rad_results,densenet_base224,positive_vs_negative,Pleural Effusion,FPR,0.2711864406779661
test_rad_results,densenet_base224,positive_vs_negative,Pleural Effusion,FNR,0.3142857142857143
test_rad_results,densenet_base224,positive_vs_negative,Pleural Effusion,TNR,0.7288135593220338
test_rad_results,densenet_base224,positive_vs_negative,Pleural Effusion,Precision,0.3945945945945946
test_rad_results,densenet_base224,positive_vs_negative,Pleural Effusion,Recall,0.6886792452830188
test_rad_results,densenet_base224,positive_vs_negative,Pleural Effusion,BER,0.29273607748184016
test_rad_results,densenet_base224,positive_vs_negative,Pleural Effusion,F1 Score,0.5017182130584192
test_rad_results,densenet_base224_enhanced,positive_vs_negative,Cardiomegaly,TP,8.0
test_rad_results,densenet_base224_enhanced,positive_vs_negative,Cardiomegaly,FP,8.0
test_rad_results,densenet_base224_enhanced,positive_vs_negative,Cardiomegaly,FN,146.0
test_rad_results,densenet_base224_enhanced,positive_vs_negative,Cardiomegaly,TN,356.0
test_rad_results,densenet_base224_enhanced,positive_vs_negative,Cardiomegaly,TPR,0.05194805194805195
test_rad_results,densenet_base224_enhanced,positive_vs_negative,Cardiomegaly,FPR,0.02197802197802198
test_rad_results,densenet_base224_enhanced,positive_vs_negative,Cardiomegaly,FNR,0.948051948051948
test_rad_results,densenet_base224_enhanced,positive_vs_negative,Cardiomegaly,TNR,0.978021978021978
test_rad_results,densenet_base224_enhanced,positive_vs_negative,Cardiomegaly,Precision,0.5294117647058824
test_rad_results,densenet_base224_enhanced,positive_vs_negative,Cardiomegaly,Recall,0.05806451612903226
test_rad_results,densenet_base224_enhanced,positive_vs_negative,Cardiomegaly,BER,0.485014985014985
test_rad_results,densenet_base224_enhanced,positive_vs_negative,Cardiomegaly,F1 Score,0.10465116279069768
test_rad_results,densenet_base224_enhanced,positive_vs_negative,Consolidation,TP,7.0
test_rad_results,densenet_base224_enhanced,positive_vs_negative,Consolidation,FP,104.0
test_rad_results,densenet_base224_enhanced,positive_vs_negative,Consolidation,FN,22.0
test_rad_results,densenet_base224_enhanced,positive_vs_negative,Consolidation,TN,385.0
test_rad_results,densenet_base224_enhanced,positive_vs_negative,Consolidation,TPR,0.2413793103448276
test_rad_results,densenet_base224_enhanced,positive_vs_negative,Consolidation,FPR,0.21267893660531698
test_rad_results,densenet_base224_enhanced,positive_vs_negative,Consolidation,FNR,0.7586206896551724
test_rad_results,densenet_base224_enhanced,positive_vs_negative,Consolidation,TNR,0.787321063394683
test_rad_results,densenet_base224_enhanced,positive_vs_negative,Consolidation,Precision,0.07142857142857142
test_rad_results,densenet_base224_enhanced,positive_vs_negative,Consolidation,Recall,0.26666666666666666
test_rad_results,densenet_base224_enhanced,positive_vs_negative,Consolidation,BER,0.4856498131302447
test_rad_results,densenet_base224_enhanced,positive_vs_negative,Consolidation,F1 Score,0.11267605633802816
test_rad_results,densenet_base224_enhanced,positive_vs_negative,Edema,TP,58.0
test_rad_results,densenet_base224_enhanced,positive_vs_negative,Edema,FP,122.0
test_rad_results,densenet_base224_enhanced,positive_vs_negative,Edema,FN,21.0
test_rad_results,densenet_base224_enhanced,positive_vs_negative,Edema,TN,317.0
test_rad_results,densenet_base224_enhanced,positive_vs_negative,Edema,TPR,0.7341772151898734
test_rad_results,densenet_base224_enhanced,positive_vs_negative,Edema,FPR,0.27790432801822323
test_rad_results,densenet_base224_enhanced,positive_vs_negative,Edema,FNR,0.26582278481012656
test_rad_results,densenet_base224_enhanced,positive_vs_negative,Edema,TNR,0.7220956719817767
test_rad_results,densenet_base224_enhanced,positive_vs_negative,Edema,Precision,0.3259668508287293
test_rad_results,densenet_base224_enhanced,positive_vs_negative,Edema,Recall,0.7375
test_rad_results,densenet_base224_enhanced,positive_vs_negative,Edema,BER,0.2718635564141749
test_rad_results,densenet_base224_enhanced,positive_vs_negative,Edema,F1 Score,0.45210727969348663
test_rad_results,densenet_base224_enhanced,positive_vs_negative,Atelectasis,TP,32.0
test_rad_results,densenet_base224_enhanced,positive_vs_negative,Atelectasis,FP,85.0
test_rad_results,densenet_base224_enhanced,positive_vs_negative,Atelectasis,FN,126.0
test_rad_results,densenet_base224_enhanced,positive_vs_negative,Atelectasis,TN,275.0
test_rad_results,densenet_base224_enhanced,positive_vs_negative,Atelectasis,TPR,0.20253164556962025
test_rad_results,densenet_base224_enhanced,positive_vs_negative,Atelectasis,FPR,0.2361111111111111
test_rad_results,densenet_base224_enhanced,positive_vs_negative,Atelectasis,FNR,0.7974683544303798
test_rad_results,densenet_base224_enhanced,positive_vs_negative,Atelectasis,TNR,0.7638888888888888
test_rad_results,densenet_base224_enhanced,positive_vs_negative,Atelectasis,Precision,0.2796610169491525
test_rad_results,densenet_base224_enhanced,positive_vs_negative,Atelectasis,Recall,0.20754716981132076
test_rad_results,densenet_base224_enhanced,positive_vs_negative,Atelectasis,BER,0.5167897327707455
test_rad_results,densenet_base224_enhanced,positive_vs_negative,Atelectasis,F1 Score,0.23826714801444043
test_rad_results,densenet_base224_enhanced,positive_vs_negative,Pleural Effusion,TP,50.0
test_rad_results,densenet_base224_enhanced,positive_vs_negative,Pleural Effusion,FP,109.0
test_rad_results,densenet_base224_enhanced,positive_vs_negative,Pleural Effusion,FN,55.0
test_rad_results,densenet_base224_enhanced,positive_vs_negative,Pleural Effusion,TN,304.0
test_rad_results,densenet_base224_enhanced,positive_vs_negative,Pleural Effusion,TPR,0.47619047619047616
test_rad_results,densenet_base224_enhanced,positive_vs_negative,Pleural Effusion,FPR,0.2639225181598063
test_rad_results,densenet_base224_enhanced,positive_vs_negative,Pleural Effusion,FNR,0.5238095238095238
test_rad_results,densenet_base224_enhanced,positive_vs_negative,Pleural Effusion,TNR,0.7360774818401937
test_rad_results,densenet_base224_enhanced,positive_vs_negative,Pleural Effusion,Precision,0.31875
test_rad_results,densenet_base224_enhanced,positive_vs_negative,Pleural Effusion,Recall,0.4811320754716981
test_rad_results,densenet_base224_enhanced,positive_vs_negative,Pleural Effusion,BER,0.39386602098466506
test_rad_results,densenet_base224_enhanced,positive_vs_negative,Pleural Effusion,F1 Score,0.38345864661654133
test_rad_results,resnet_base384,positive_vs_negative,Cardiomegaly,TP,1.0
test_rad_results,resnet_base384,positive_vs_negative,Cardiomegaly,FP,2.0
test_rad_results,resnet_base384,positive_vs_negative,Cardiomegaly,FN,153.0
test_rad_results,resnet_base384,positive_vs_negative,Cardiomegaly,TN,362.0
test_rad_results,resnet_base384,positive_vs_negative,Cardiomegaly,TPR,0.006493506493506494
test_rad_results,resnet_base384,positive_vs_negative,Cardiomegaly,FPR,0.005494505494505495
test_rad_results,resnet_base384,positive_vs_negative,Cardiomegaly,FNR,0.9935064935064936
test_rad_results,resnet_base384,positive_vs_negative,Cardiomegaly,TNR,0.9945054945054945
test_rad_results,resnet_base384,positive_vs_negative,Cardiomegaly,Precision,0.5
test_rad_results,resnet_base384,positive_vs_negative,Cardiomegaly,Recall,0.012903225806451613
test_rad_results,resnet_base384,positive_vs_negative,Cardiomegaly,BER,0.4995004995004995
test_rad_results,resnet_base384,positive_vs_negative,Cardiomegaly,F1 Score,0.025157232704402514
test_rad_results,resnet_base384,positive_vs_negative,Consolidation,TP,7.0
test_rad_results,resnet_base384,positive_vs_negative,Consolidation,FP,62.0
test_rad_results,resnet_base384,positive_vs_negative,Consolidation,FN,22.0
test_rad_results,resnet_base384,positive_vs_negative,Consolidation,TN,427.0
test_rad_results,resnet_base384,positive_vs_negative,Consolidation,TPR,0.2413793103448276
test_rad_results,resnet_base384,positive_vs_negative,Consolidation,FPR,0.12678936605316973
test_rad_results,resnet_base384,positive_vs_negative,Consolidation,FNR,0.7586206896551724
test_rad_results,resnet_base384,positive_vs_negative,Consolidation,TNR,0.8732106339468303
test_rad_results,resnet_base384,positive_vs_negative,Consolidation,Precision,0.11428571428571428
test_rad_results,resnet_base384,positive_vs_negative,Consolidation,Recall,0.26666666666666666
test_rad_results,resnet_base384,positive_vs_negative,Consolidation,BER,0.44270502785417104
test_rad_results,resnet_base384,positive_vs_negative,Consolidation,F1 Score,0.16
test_rad_results,resnet_base384,positive_vs_negative,Edema,TP,3.0
test_rad_results,resnet_base384,positive_vs_negative,Edema,FP,7.0
test_rad_results,resnet_base384,positive_vs_negative,Edema,FN,76.0
test_rad_results,resnet_base384,positive_vs_negative,Edema,TN,432.0
test_rad_results,resnet_base384,positive_vs_negative,Edema,TPR,0.0379746835443038
test_rad_results,resnet_base384,positive_vs_negative,Edema,FPR,0.015945330296127564
test_rad_results,resnet_base384,positive_vs_negative,Edema,FNR,0.9620253164556962
test_rad_results,resnet_base384,positive_vs_negative,Edema,TNR,0.9840546697038725
test_rad_results,resnet_base384,positive_vs_negative,Edema,Precision,0.36363636363636365
test_rad_results,resnet_base384,positive_vs_negative,Edema,Recall,0.05
test_rad_results,resnet_base384,positive_vs_negative,Edema,BER,0.4889853233759119
test_rad_results,resnet_base384,positive_vs_negative,Edema,F1 Score,0.08791208791208792
test_rad_results,resnet_base384,positive_vs_negative,Atelectasis,TP,3.0
test_rad_results,resnet_base384,positive_vs_negative,Atelectasis,FP,12.0
test_rad_results,resnet_base384,positive_vs_negative,Atelectasis,FN,155.0
test_rad_results,resnet_base384,positive_vs_negative,Atelectasis,TN,348.0
test_rad_results,resnet_base384,positive_vs_negative,Atelectasis,TPR,0.0189873417721519
test_rad_results,resnet_base384,positive_vs_negative,Atelectasis,FPR,0.03333333333333333
test_rad_results,resnet_base384,positive_vs_negative,Atelectasis,FNR,0.9810126582278481
test_rad_results,resnet_base384,positive_vs_negative,Atelectasis,TNR,0.9666666666666667
test_rad_results,resnet_base384,positive_vs_negative,Atelectasis,Precision,0.25
test_rad_results,resnet_base384,positive_vs_negative,Atelectasis,Recall,0.025157232704402517
test_rad_results,resnet_base384,positive_vs_negative,Atelectasis,BER,0.5071729957805907
test_rad_results,resnet_base384,positive_vs_negative,Atelectasis,F1 Score,0.045714285714285714
test_rad_results,resnet_base384,positive_vs_negative,Pleural Effusion,TP,58.0
test_rad_results,resnet_base384,positive_vs_negative,Pleural Effusion,FP,62.0
test_rad_results,resnet_base384,positive_vs_negative,Pleural Effusion,FN,47.0
test_rad_results,resnet_base384,positive_vs_negative,Pleural Effusion,TN,351.0
test_rad_results,resnet_base384,positive_vs_negative,Pleural Effusion,TPR,0.5523809523809524
test_rad_results,resnet_base384,positive_vs_negative,Pleural Effusion,FPR,0.15012106537530268
test_rad_results,resnet_base384,positive_vs_negative,Pleural Effusion,FNR,0.44761904761904764
test_rad_results,resnet_base384,positive_vs_negative,Pleural Effusion,TNR,0.8498789346246973
test_rad_results,resnet_base384,positive_vs_negative,Pleural Effusion,Precision,0.48760330578512395
test_rad_results,resnet_base384,positive_vs_negative,Pleural Effusion,Recall,0.5566037735849056
test_rad_results,resnet_base384,positive_vs_negative,Pleural Effusion,BER,0.29887005649717513
test_rad_results,resnet_base384,positive_vs_negative,Pleural Effusion,F1 Score,0.5198237885462555
test_rad_results,resnet_base384_enhanced,positive_vs_negative,Cardiomegaly,TP,5.0
test_rad_results,resnet_base384_enhanced,positive_vs_negative,Cardiomegaly,FP,10.0
test_rad_results,resnet_base384_enhanced,positive_vs_negative,Cardiomegaly,FN,149.0
test_rad_results,resnet_base384_enhanced,positive_vs_negative,Cardiomegaly,TN,354.0
test_rad_results,resnet_base384_enhanced,positive_vs_negative,Cardiomegaly,TPR,0.032467532467532464
test_rad_results,resnet_base384_enhanced,positive_vs_negative,Cardiomegaly,FPR,0.027472527472527472
test_rad_results,resnet_base384_enhanced,positive_vs_negative,Cardiomegaly,FNR,0.9675324675324676
test_rad_results,resnet_base384_enhanced,positive_vs_negative,Cardiomegaly,TNR,0.9725274725274725
test_rad_results,resnet_base384_enhanced,positive_vs_negative,Cardiomegaly,Precision,0.375
test_rad_results,resnet_base384_enhanced,positive_vs_negative,Cardiomegaly,Recall,0.03870967741935484
test_rad_results,resnet_base384_enhanced,positive_vs_negative,Cardiomegaly,BER,0.49750249750249753
test_rad_results,resnet_base384_enhanced,positive_vs_negative,Cardiomegaly,F1 Score,0.07017543859649124
test_rad_results,resnet_base384_enhanced,positive_vs_negative,Consolidation,TP,12.0
test_rad_results,resnet_base384_enhanced,positive_vs_negative,Consolidation,FP,202.0
test_rad_results,resnet_base384_enhanced,positive_vs_negative,Consolidation,FN,17.0
test_rad_results,resnet_base384_enhanced,positive_vs_negative,Consolidation,TN,287.0
test_rad_results,resnet_base384_enhanced,positive_vs_negative,Consolidation,TPR,0.41379310344827586
test_rad_results,resnet_base384_enhanced,positive_vs_negative,Consolidation,FPR,0.4130879345603272
test_rad_results,resnet_base384_enhanced,positive_vs_negative,Consolidation,FNR,0.5862068965517241
test_rad_results,resnet_base384_enhanced,positive_vs_negative,Consolidation,TNR,0.5869120654396728
test_rad_results,resnet_base384_enhanced,positive_vs_negative,Consolidation,Precision,0.06046511627906977
test_rad_results,resnet_base384_enhanced,positive_vs_negative,Consolidation,Recall,0.43333333333333335
test_rad_results,resnet_base384_enhanced,positive_vs_negative,Consolidation,BER,0.49964741555602565
test_rad_results,resnet_base384_enhanced,positive_vs_negative,Consolidation,F1 Score,0.10612244897959183
test_rad_results,resnet_base384_enhanced,positive_vs_negative,Edema,TP,2.0
test_rad_results,resnet_base384_enhanced,positive_vs_negative,Edema,FP,5.0
test_rad_results,resnet_base384_enhanced,positive_vs_negative,Edema,FN,77.0
test_rad_results,resnet_base384_enhanced,positive_vs_negative,Edema,TN,434.0
test_rad_results,resnet_base384_enhanced,positive_vs_negative,Edema,TPR,0.02531645569620253
test_rad_results,resnet_base384_enhanced,positive_vs_negative,Edema,FPR,0.011389521640091117
test_rad_results,resnet_base384_enhanced,positive_vs_negative,Edema,FNR,0.9746835443037974
test_rad_results,resnet_base384_enhanced,positive_vs_negative,Edema,TNR,0.9886104783599089
test_rad_results,resnet_base384_enhanced,positive_vs_negative,Edema,Precision,0.375
test_rad_results,resnet_base384_enhanced,positive_vs_negative,Edema,Recall,0.0375
test_rad_results,resnet_base384_enhanced,positive_vs_negative,Edema,BER,0.4930365329719443
test_rad_results,resnet_base384_enhanced,positive_vs_negative,Edema,F1 Score,0.06818181818181818
test_rad_results,resnet_base384_enhanced,positive_vs_negative,Atelectasis,TP,0.0
test_rad_results,resnet_base384_enhanced,positive_vs_negative,Atelectasis,FP,2.0
test_rad_results,resnet_base384_enhanced,positive_vs_negative,Atelectasis,FN,158.0
test_rad_results,resnet_base384_enhanced,positive_vs_negative,Atelectasis,TN,358.0
test_rad_results,resnet_base384_enhanced,positive_vs_negative,Atelectasis,TPR,0.0
test_rad_results,resnet_base384_enhanced,positive_vs_negative,Atelectasis,FPR,0.005555555555555556
test_rad_results,resnet_base384_enhanced,positive_vs_negative,Atelectasis,FNR,1.0
test_rad_results,resnet_base384_enhanced,positive_vs_negative,Atelectasis,TNR,0.9944444444444445
test_rad_results,resnet_base384_enhanced,positive_vs_negative,Atelectasis,Precision,0.3333333333333333
test_rad_results,resnet_base384_enhanced,positive_vs_negative,Atelectasis,Recall,0.006289308176100629
test_rad_results,resnet_base384_enhanced,positive_vs_negative,Atelectasis,BER,0.5027777777777778
test_rad_results,resnet_base384_enhanced,positive_vs_negative,Atelectasis,F1 Score,0.01234567901234568
test_rad_results,resnet_base384_enhanced,positive_vs_negative,Pleural Effusion,TP,77.0
test_rad_results,resnet_base384_enhanced,positive_vs_negative,Pleural Effusion,FP,162.0
test_rad_results,resnet_base384_enhanced,positive_vs_negative,Pleural Effusion,FN,28.0
test_rad_results,resnet_base384_enhanced,positive_vs_negative,Pleural Effusion,TN,251.0
test_rad_results,resnet_base384_enhanced,positive_vs_negative,Pleural Effusion,TPR,0.7333333333333333
test_rad_results,resnet_base384_enhanced,positive_vs_negative,Pleural Effusion,FPR,0.3922518159806295
test_rad_results,resnet_base384_enhanced,positive_vs_negative,Pleural Effusion,FNR,0.26666666666666666
test_rad_results,resnet_base384_enhanced,positive_vs_negative,Pleural Effusion,TNR,0.6077481840193705
test_rad_results,resnet_base384_enhanced,positive_vs_negative,Pleural Effusion,Precision,0.325
test_rad_results,resnet_base384_enhanced,positive_vs_negative,Pleural Effusion,Recall,0.7358490566037735
test_rad_results,resnet_base384_enhanced,positive_vs_negative,Pleural Effusion,BER,0.3294592413236481
test_rad_results,resnet_base384_enhanced,positive_vs_negative,Pleural Effusion,F1 Score,0.4508670520231214
test_rad_results,densenet_base384,positive_vs_negative,Cardiomegaly,TP,2236.0
test_rad_results,densenet_base384,positive_vs_negative,Cardiomegaly,FP,9838.0
test_rad_results,densenet_base384,positive_vs_negative,Cardiomegaly,FN,2524.0
test_rad_results,densenet_base384,positive_vs_negative,Cardiomegaly,TN,24773.0
test_rad_results,densenet_base384,positive_vs_negative,Cardiomegaly,TPR,0.46974789915966386
test_rad_results,densenet_base384,positive_vs_negative,Cardiomegaly,FPR,0.2842448932420329
test_rad_results,densenet_base384,positive_vs_negative,Cardiomegaly,FNR,0.5302521008403361
test_rad_results,densenet_base384,positive_vs_negative,Cardiomegaly,TNR,0.7157551067579672
test_rad_results,densenet_base384,positive_vs_negative,Cardiomegaly,Precision,0.18525879917184265
test_rad_results,densenet_base384,positive_vs_negative,Cardiomegaly,Recall,0.4698592732619198
test_rad_results,densenet_base384,positive_vs_negative,Cardiomegaly,BER,0.4072484970411845
test_rad_results,densenet_base384,positive_vs_negative,Cardiomegaly,F1 Score,0.2657400807792825
test_rad_results,densenet_base384,positive_vs_negative,Consolidation,TP,459.0
test_rad_results,densenet_base384,positive_vs_negative,Consolidation,FP,3813.0
test_rad_results,densenet_base384,positive_vs_negative,Consolidation,FN,1790.0
test_rad_results,densenet_base384,positive_vs_negative,Consolidation,TN,33309.0
test_rad_results,densenet_base384,positive_vs_negative,Consolidation,TPR,0.2040907069808804
test_rad_results,densenet_base384,positive_vs_negative,Consolidation,FPR,0.10271537093906578
test_rad_results,densenet_base384,positive_vs_negative,Consolidation,FNR,0.7959092930191196
test_rad_results,densenet_base384,positive_vs_negative,Consolidation,TNR,0.8972846290609342
test_rad_results,densenet_base384,positive_vs_negative,Consolidation,Precision,0.10765270301895624
test_rad_results,densenet_base384,positive_vs_negative,Consolidation,Recall,0.20444444444444446
test_rad_results,densenet_base384,positive_vs_negative,Consolidation,BER,0.4493123319790927
test_rad_results,densenet_base384,positive_vs_negative,Consolidation,F1 Score,0.14103939904951712
test_rad_results,densenet_base384,positive_vs_negative,Edema,TP,3811.0
test_rad_results,densenet_base384,positive_vs_negative,Edema,FP,5408.0
test_rad_results,densenet_base384,positive_vs_negative,Edema,FN,6502.0
test_rad_results,densenet_base384,positive_vs_negative,Edema,TN,23650.0
test_rad_results,densenet_base384,positive_vs_negative,Edema,TPR,0.3695335983709881
test_rad_results,densenet_base384,positive_vs_negative,Edema,FPR,0.18611053754559845
test_rad_results,densenet_base384,positive_vs_negative,Edema,FNR,0.6304664016290119
test_rad_results,densenet_base384,positive_vs_negative,Edema,TNR,0.8138894624544015
test_rad_results,densenet_base384,positive_vs_negative,Edema,Precision,0.4134490238611714
test_rad_results,densenet_base384,positive_vs_negative,Edema,Recall,0.36959472561566803
test_rad_results,densenet_base384,positive_vs_negative,Edema,BER,0.4082884695873052
test_rad_results,densenet_base384,positive_vs_negative,Edema,F1 Score,0.39029384662639505
test_rad_results,densenet_base384,positive_vs_negative,Atelectasis,TP,83.0
test_rad_results,densenet_base384,positive_vs_negative,Atelectasis,FP,299.0
test_rad_results,densenet_base384,positive_vs_negative,Atelectasis,FN,6727.0
test_rad_results,densenet_base384,positive_vs_negative,Atelectasis,TN,32262.0
test_rad_results,densenet_base384,positive_vs_negative,Atelectasis,TPR,0.012187958883994127
test_rad_results,densenet_base384,positive_vs_negative,Atelectasis,FPR,0.009182764657105125
test_rad_results,densenet_base384,positive_vs_negative,Atelectasis,FNR,0.9878120411160058
test_rad_results,densenet_base384,positive_vs_negative,Atelectasis,TNR,0.9908172353428949
test_rad_results,densenet_base384,positive_vs_negative,Atelectasis,Precision,0.2193211488250653
test_rad_results,densenet_base384,positive_vs_negative,Atelectasis,Recall,0.012332990750256937
test_rad_results,densenet_base384,positive_vs_negative,Atelectasis,BER,0.4984974028865555
test_rad_results,densenet_base384,positive_vs_negative,Atelectasis,F1 Score,0.023352793994995832
test_rad_results,densenet_base384,positive_vs_negative,Pleural Effusion,TP,7062.0
test_rad_results,densenet_base384,positive_vs_negative,Pleural Effusion,FP,5830.0
test_rad_results,densenet_base384,positive_vs_negative,Pleural Effusion,FN,7704.0
test_rad_results,densenet_base384,positive_vs_negative,Pleural Effusion,TN,18775.0
test_rad_results,densenet_base384,positive_vs_negative,Pleural Effusion,TPR,0.4782608695652174
test_rad_results,densenet_base384,positive_vs_negative,Pleural Effusion,FPR,0.23694371062792116
test_rad_results,densenet_base384,positive_vs_negative,Pleural Effusion,FNR,0.5217391304347826
test_rad_results,densenet_base384,positive_vs_negative,Pleural Effusion,TNR,0.7630562893720788
test_rad_results,densenet_base384,positive_vs_negative,Pleural Effusion,Precision,0.5478166446909175
test_rad_results,densenet_base384,positive_vs_negative,Pleural Effusion,Recall,0.478296200988691
test_rad_results,densenet_base384,positive_vs_negative,Pleural Effusion,BER,0.3793414205313519
test_rad_results,densenet_base384,positive_vs_negative,Pleural Effusion,F1 Score,0.5107013738250181
test_rad_results,densenet_base384_enhanced,positive_vs_negative,Cardiomegaly,TP,45.0
test_rad_results,densenet_base384_enhanced,positive_vs_negative,Cardiomegaly,FP,42.0
test_rad_results,densenet_base384_enhanced,positive_vs_negative,Cardiomegaly,FN,109.0
test_rad_results,densenet_base384_enhanced,positive_vs_negative,Cardiomegaly,TN,322.0
test_rad_results,densenet_base384_enhanced,positive_vs_negative,Cardiomegaly,TPR,0.2922077922077922
test_rad_results,densenet_base384_enhanced,positive_vs_negative,Cardiomegaly,FPR,0.11538461538461539
test_rad_results,densenet_base384_enhanced,positive_vs_negative,Cardiomegaly,FNR,0.7077922077922078
test_rad_results,densenet_base384_enhanced,positive_vs_negative,Cardiomegaly,TNR,0.8846153846153846
test_rad_results,densenet_base384_enhanced,positive_vs_negative,Cardiomegaly,Precision,0.5227272727272727
test_rad_results,densenet_base384_enhanced,positive_vs_negative,Cardiomegaly,Recall,0.2967741935483871
test_rad_results,densenet_base384_enhanced,positive_vs_negative,Cardiomegaly,BER,0.4115884115884116
test_rad_results,densenet_base384_enhanced,positive_vs_negative,Cardiomegaly,F1 Score,0.3786008230452675
test_rad_results,densenet_base384_enhanced,positive_vs_negative,Consolidation,TP,12.0
test_rad_results,densenet_base384_enhanced,positive_vs_negative,Consolidation,FP,45.0
test_rad_results,densenet_base384_enhanced,positive_vs_negative,Consolidation,FN,17.0
test_rad_results,densenet_base384_enhanced,positive_vs_negative,Consolidation,TN,444.0
test_rad_results,densenet_base384_enhanced,positive_vs_negative,Consolidation,TPR,0.41379310344827586
test_rad_results,densenet_base384_enhanced,positive_vs_negative,Consolidation,FPR,0.09202453987730061
test_rad_results,densenet_base384_enhanced,positive_vs_negative,Consolidation,FNR,0.5862068965517241
test_rad_results,densenet_base384_enhanced,positive_vs_negative,Consolidation,TNR,0.9079754601226994
test_rad_results,densenet_base384_enhanced,positive_vs_negative,Consolidation,Precision,0.22413793103448276
test_rad_results,densenet_base384_enhanced,positive_vs_negative,Consolidation,Recall,0.43333333333333335
test_rad_results,densenet_base384_enhanced,positive_vs_negative,Consolidation,BER,0.33911571821451236
test_rad_results,densenet_base384_enhanced,positive_vs_negative,Consolidation,F1 Score,0.29545454545454547
test_rad_results,densenet_base384_enhanced,positive_vs_negative,Edema,TP,17.0
test_rad_results,densenet_base384_enhanced,positive_vs_negative,Edema,FP,35.0
test_rad_results,densenet_base384_enhanced,positive_vs_negative,Edema,FN,62.0
test_rad_results,densenet_base384_enhanced,positive_vs_negative,Edema,TN,404.0
test_rad_results,densenet_base384_enhanced,positive_vs_negative,Edema,TPR,0.21518987341772153
test_rad_results,densenet_base384_enhanced,positive_vs_negative,Edema,FPR,0.07972665148063782
test_rad_results,densenet_base384_enhanced,positive_vs_negative,Edema,FNR,0.7848101265822784
test_rad_results,densenet_base384_enhanced,positive_vs_negative,Edema,TNR,0.9202733485193622
test_rad_results,densenet_base384_enhanced,positive_vs_negative,Edema,Precision,0.33962264150943394
test_rad_results,densenet_base384_enhanced,positive_vs_negative,Edema,Recall,0.225
test_rad_results,densenet_base384_enhanced,positive_vs_negative,Edema,BER,0.43226838903145814
test_rad_results,densenet_base384_enhanced,positive_vs_negative,Edema,F1 Score,0.2706766917293233
test_rad_results,densenet_base384_enhanced,positive_vs_negative,Atelectasis,TP,8.0
test_rad_results,densenet_base384_enhanced,positive_vs_negative,Atelectasis,FP,15.0
test_rad_results,densenet_base384_enhanced,positive_vs_negative,Atelectasis,FN,150.0
test_rad_results,densenet_base384_enhanced,positive_vs_negative,Atelectasis,TN,345.0
test_rad_results,densenet_base384_enhanced,positive_vs_negative,Atelectasis,TPR,0.05063291139240506
test_rad_results,densenet_base384_enhanced,positive_vs_negative,Atelectasis,FPR,0.041666666666666664
test_rad_results,densenet_base384_enhanced,positive_vs_negative,Atelectasis,FNR,0.9493670886075949
test_rad_results,densenet_base384_enhanced,positive_vs_negative,Atelectasis,TNR,0.9583333333333334
test_rad_results,densenet_base384_enhanced,positive_vs_negative,Atelectasis,Precision,0.375
test_rad_results,densenet_base384_enhanced,positive_vs_negative,Atelectasis,Recall,0.05660377358490566
test_rad_results,densenet_base384_enhanced,positive_vs_negative,Atelectasis,BER,0.49551687763713076
test_rad_results,densenet_base384_enhanced,positive_vs_negative,Atelectasis,F1 Score,0.09836065573770493
test_rad_results,densenet_base384_enhanced,positive_vs_negative,Pleural Effusion,TP,49.0
test_rad_results,densenet_base384_enhanced,positive_vs_negative,Pleural Effusion,FP,54.0
test_rad_results,densenet_base384_enhanced,positive_vs_negative,Pleural Effusion,FN,56.0
test_rad_results,densenet_base384_enhanced,positive_vs_negative,Pleural Effusion,TN,359.0
test_rad_results,densenet_base384_enhanced,positive_vs_negative,Pleural Effusion,TPR,0.4666666666666667
test_rad_results,densenet_base384_enhanced,positive_vs_negative,Pleural Effusion,FPR,0.13075060532687652
test_rad_results,densenet_base384_enhanced,positive_vs_negative,Pleural Effusion,FNR,0.5333333333333333
test_rad_results,densenet_base384_enhanced,positive_vs_negative,Pleural Effusion,TNR,0.8692493946731235
test_rad_results,densenet_base384_enhanced,positive_vs_negative,Pleural Effusion,Precision,0.4807692307692308
test_rad_results,densenet_base384_enhanced,positive_vs_negative,Pleural Effusion,Recall,0.4716981132075472
test_rad_results,densenet_base384_enhanced,positive_vs_negative,Pleural Effusion,BER,0.33204196933010494
test_rad_results,densenet_base384_enhanced,positive_vs_negative,Pleural Effusion,F1 Score,0.4761904761904762
test_rad_results,resnet_base512,positive_vs_negative,Cardiomegaly,TP,19.0
test_rad_results,resnet_base512,positive_vs_negative,Cardiomegaly,FP,15.0
test_rad_results,resnet_base512,positive_vs_negative,Cardiomegaly,FN,135.0
test_rad_results,resnet_base512,positive_vs_negative,Cardiomegaly,TN,349.0
test_rad_results,resnet_base512,positive_vs_negative,Cardiomegaly,TPR,0.12337662337662338
test_rad_results,resnet_base512,positive_vs_negative,Cardiomegaly,FPR,0.04120879120879121
test_rad_results,resnet_base512,positive_vs_negative,Cardiomegaly,FNR,0.8766233766233766
test_rad_results,resnet_base512,positive_vs_negative,Cardiomegaly,TNR,0.9587912087912088
test_rad_results,resnet_base512,positive_vs_negative,Cardiomegaly,Precision,0.5714285714285714
test_rad_results,resnet_base512,positive_vs_negative,Cardiomegaly,Recall,0.12903225806451613
test_rad_results,resnet_base512,positive_vs_negative,Cardiomegaly,BER,0.4589160839160839
test_rad_results,resnet_base512,positive_vs_negative,Cardiomegaly,F1 Score,0.2105263157894737
test_rad_results,resnet_base512,positive_vs_negative,Consolidation,TP,8.0
test_rad_results,resnet_base512,positive_vs_negative,Consolidation,FP,93.0
test_rad_results,resnet_base512,positive_vs_negative,Consolidation,FN,21.0
test_rad_results,resnet_base512,positive_vs_negative,Consolidation,TN,396.0
test_rad_results,resnet_base512,positive_vs_negative,Consolidation,TPR,0.27586206896551724
test_rad_results,resnet_base512,positive_vs_negative,Consolidation,FPR,0.1901840490797546
test_rad_results,resnet_base512,positive_vs_negative,Consolidation,FNR,0.7241379310344828
test_rad_results,resnet_base512,positive_vs_negative,Consolidation,TNR,0.8098159509202454
test_rad_results,resnet_base512,positive_vs_negative,Consolidation,Precision,0.08823529411764706
test_rad_results,resnet_base512,positive_vs_negative,Consolidation,Recall,0.3
test_rad_results,resnet_base512,positive_vs_negative,Consolidation,BER,0.4571609900571187
test_rad_results,resnet_base512,positive_vs_negative,Consolidation,F1 Score,0.13636363636363635
test_rad_results,resnet_base512,positive_vs_negative,Edema,TP,23.0
test_rad_results,resnet_base512,positive_vs_negative,Edema,FP,46.0
test_rad_results,resnet_base512,positive_vs_negative,Edema,FN,56.0
test_rad_results,resnet_base512,positive_vs_negative,Edema,TN,393.0
test_rad_results,resnet_base512,positive_vs_negative,Edema,TPR,0.2911392405063291
test_rad_results,resnet_base512,positive_vs_negative,Edema,FPR,0.10478359908883828
test_rad_results,resnet_base512,positive_vs_negative,Edema,FNR,0.7088607594936709
test_rad_results,resnet_base512,positive_vs_negative,Edema,TNR,0.8952164009111617
test_rad_results,resnet_base512,positive_vs_negative,Edema,Precision,0.34285714285714286
test_rad_results,resnet_base512,positive_vs_negative,Edema,Recall,0.3
test_rad_results,resnet_base512,positive_vs_negative,Edema,BER,0.4068221792912546
test_rad_results,resnet_base512,positive_vs_negative,Edema,F1 Score,0.32
test_rad_results,resnet_base512,positive_vs_negative,Atelectasis,TP,4.0
test_rad_results,resnet_base512,positive_vs_negative,Atelectasis,FP,19.0
test_rad_results,resnet_base512,positive_vs_negative,Atelectasis,FN,154.0
test_rad_results,resnet_base512,positive_vs_negative,Atelectasis,TN,341.0
test_rad_results,resnet_base512,positive_vs_negative,Atelectasis,TPR,0.02531645569620253
test_rad_results,resnet_base512,positive_vs_negative,Atelectasis,FPR,0.05277777777777778
test_rad_results,resnet_base512,positive_vs_negative,Atelectasis,FNR,0.9746835443037974
test_rad_results,resnet_base512,positive_vs_negative,Atelectasis,TNR,0.9472222222222222
test_rad_results,resnet_base512,positive_vs_negative,Atelectasis,Precision,0.20833333333333334
test_rad_results,resnet_base512,positive_vs_negative,Atelectasis,Recall,0.031446540880503145
test_rad_results,resnet_base512,positive_vs_negative,Atelectasis,BER,0.5137306610407876
test_rad_results,resnet_base512,positive_vs_negative,Atelectasis,F1 Score,0.054644808743169404
test_rad_results,resnet_base512,positive_vs_negative,Pleural Effusion,TP,82.0
test_rad_results,resnet_base512,positive_vs_negative,Pleural Effusion,FP,135.0
test_rad_results,resnet_base512,positive_vs_negative,Pleural Effusion,FN,23.0
test_rad_results,resnet_base512,positive_vs_negative,Pleural Effusion,TN,278.0
test_rad_results,resnet_base512,positive_vs_negative,Pleural Effusion,TPR,0.780952380952381
test_rad_results,resnet_base512,positive_vs_negative,Pleural Effusion,FPR,0.3268765133171913
test_rad_results,resnet_base512,positive_vs_negative,Pleural Effusion,FNR,0.21904761904761905
test_rad_results,resnet_base512,positive_vs_negative,Pleural Effusion,TNR,0.6731234866828087
test_rad_results,resnet_base512,positive_vs_negative,Pleural Effusion,Precision,0.38073394495412843
test_rad_results,resnet_base512,positive_vs_negative,Pleural Effusion,Recall,0.7830188679245284
test_rad_results,resnet_base512,positive_vs_negative,Pleural Effusion,BER,0.27296206618240515
test_rad_results,resnet_base512,positive_vs_negative,Pleural Effusion,F1 Score,0.5123456790123457
test_rad_results,resnet_base512_enhanced,positive_vs_negative,Cardiomegaly,TP,27.0
test_rad_results,resnet_base512_enhanced,positive_vs_negative,Cardiomegaly,FP,21.0
test_rad_results,resnet_base512_enhanced,positive_vs_negative,Cardiomegaly,FN,127.0
test_rad_results,resnet_base512_enhanced,positive_vs_negative,Cardiomegaly,TN,343.0
test_rad_results,resnet_base512_enhanced,positive_vs_negative,Cardiomegaly,TPR,0.17532467532467533
test_rad_results,resnet_base512_enhanced,positive_vs_negative,Cardiomegaly,FPR,0.057692307692307696
test_rad_results,resnet_base512_enhanced,positive_vs_negative,Cardiomegaly,FNR,0.8246753246753247
test_rad_results,resnet_base512_enhanced,positive_vs_negative,Cardiomegaly,TNR,0.9423076923076923
test_rad_results,resnet_base512_enhanced,positive_vs_negative,Cardiomegaly,Precision,0.5714285714285714
test_rad_results,resnet_base512_enhanced,positive_vs_negative,Cardiomegaly,Recall,0.18064516129032257
test_rad_results,resnet_base512_enhanced,positive_vs_negative,Cardiomegaly,BER,0.4411838161838162
test_rad_results,resnet_base512_enhanced,positive_vs_negative,Cardiomegaly,F1 Score,0.2745098039215686
test_rad_results,resnet_base512_enhanced,positive_vs_negative,Consolidation,TP,7.0
test_rad_results,resnet_base512_enhanced,positive_vs_negative,Consolidation,FP,70.0
test_rad_results,resnet_base512_enhanced,positive_vs_negative,Consolidation,FN,22.0
test_rad_results,resnet_base512_enhanced,positive_vs_negative,Consolidation,TN,419.0
test_rad_results,resnet_base512_enhanced,positive_vs_negative,Consolidation,TPR,0.2413793103448276
test_rad_results,resnet_base512_enhanced,positive_vs_negative,Consolidation,FPR,0.14314928425357873
test_rad_results,resnet_base512_enhanced,positive_vs_negative,Consolidation,FNR,0.7586206896551724
test_rad_results,resnet_base512_enhanced,positive_vs_negative,Consolidation,TNR,0.8568507157464212
test_rad_results,resnet_base512_enhanced,positive_vs_negative,Consolidation,Precision,0.10256410256410256
test_rad_results,resnet_base512_enhanced,positive_vs_negative,Consolidation,Recall,0.26666666666666666
test_rad_results,resnet_base512_enhanced,positive_vs_negative,Consolidation,BER,0.45088498695437557
test_rad_results,resnet_base512_enhanced,positive_vs_negative,Consolidation,F1 Score,0.14814814814814814
test_rad_results,resnet_base512_enhanced,positive_vs_negative,Edema,TP,10.0
test_rad_results,resnet_base512_enhanced,positive_vs_negative,Edema,FP,14.0
test_rad_results,resnet_base512_enhanced,positive_vs_negative,Edema,FN,69.0
test_rad_results,resnet_base512_enhanced,positive_vs_negative,Edema,TN,425.0
test_rad_results,resnet_base512_enhanced,positive_vs_negative,Edema,TPR,0.12658227848101267
test_rad_results,resnet_base512_enhanced,positive_vs_negative,Edema,FPR,0.03189066059225513
test_rad_results,resnet_base512_enhanced,positive_vs_negative,Edema,FNR,0.8734177215189873
test_rad_results,resnet_base512_enhanced,positive_vs_negative,Edema,TNR,0.9681093394077449
test_rad_results,resnet_base512_enhanced,positive_vs_negative,Edema,Precision,0.44
test_rad_results,resnet_base512_enhanced,positive_vs_negative,Edema,Recall,0.1375
test_rad_results,resnet_base512_enhanced,positive_vs_negative,Edema,BER,0.4526541910556212
test_rad_results,resnet_base512_enhanced,positive_vs_negative,Edema,F1 Score,0.20952380952380953
test_rad_results,resnet_base512_enhanced,positive_vs_negative,Atelectasis,TP,14.0
test_rad_results,resnet_base512_enhanced,positive_vs_negative,Atelectasis,FP,59.0
test_rad_results,resnet_base512_enhanced,positive_vs_negative,Atelectasis,FN,144.0
test_rad_results,resnet_base512_enhanced,positive_vs_negative,Atelectasis,TN,301.0
test_rad_results,resnet_base512_enhanced,positive_vs_negative,Atelectasis,TPR,0.08860759493670886
test_rad_results,resnet_base512_enhanced,positive_vs_negative,Atelectasis,FPR,0.1638888888888889
test_rad_results,resnet_base512_enhanced,positive_vs_negative,Atelectasis,FNR,0.9113924050632911
test_rad_results,resnet_base512_enhanced,positive_vs_negative,Atelectasis,TNR,0.8361111111111111
test_rad_results,resnet_base512_enhanced,positive_vs_negative,Atelectasis,Precision,0.20270270270270271
test_rad_results,resnet_base512_enhanced,positive_vs_negative,Atelectasis,Recall,0.09433962264150944
test_rad_results,resnet_base512_enhanced,positive_vs_negative,Atelectasis,BER,0.53764064697609
test_rad_results,resnet_base512_enhanced,positive_vs_negative,Atelectasis,F1 Score,0.12875536480686695
test_rad_results,resnet_base512_enhanced,positive_vs_negative,Pleural Effusion,TP,87.0
test_rad_results,resnet_base512_enhanced,positive_vs_negative,Pleural Effusion,FP,222.0
test_rad_results,resnet_base512_enhanced,positive_vs_negative,Pleural Effusion,FN,18.0
test_rad_results,resnet_base512_enhanced,positive_vs_negative,Pleural Effusion,TN,191.0
test_rad_results,resnet_base512_enhanced,positive_vs_negative,Pleural Effusion,TPR,0.8285714285714286
test_rad_results,resnet_base512_enhanced,positive_vs_negative,Pleural Effusion,FPR,0.5375302663438256
test_rad_results,resnet_base512_enhanced,positive_vs_negative,Pleural Effusion,FNR,0.17142857142857143
test_rad_results,resnet_base512_enhanced,positive_vs_negative,Pleural Effusion,TNR,0.46246973365617433
test_rad_results,resnet_base512_enhanced,positive_vs_negative,Pleural Effusion,Precision,0.2838709677419355
test_rad_results,resnet_base512_enhanced,positive_vs_negative,Pleural Effusion,Recall,0.8301886792452831
test_rad_results,resnet_base512_enhanced,positive_vs_negative,Pleural Effusion,BER,0.3544794188861985
test_rad_results,resnet_base512_enhanced,positive_vs_negative,Pleural Effusion,F1 Score,0.4230769230769231
test_rad_results,densenet_base512,positive_vs_negative,Cardiomegaly,TP,45.0
test_rad_results,densenet_base512,positive_vs_negative,Cardiomegaly,FP,42.0
test_rad_results,densenet_base512,positive_vs_negative,Cardiomegaly,FN,109.0
test_rad_results,densenet_base512,positive_vs_negative,Cardiomegaly,TN,322.0
test_rad_results,densenet_base512,positive_vs_negative,Cardiomegaly,TPR,0.2922077922077922
test_rad_results,densenet_base512,positive_vs_negative,Cardiomegaly,FPR,0.11538461538461539
test_rad_results,densenet_base512,positive_vs_negative,Cardiomegaly,FNR,0.7077922077922078
test_rad_results,densenet_base512,positive_vs_negative,Cardiomegaly,TNR,0.8846153846153846
test_rad_results,densenet_base512,positive_vs_negative,Cardiomegaly,Precision,0.5227272727272727
test_rad_results,densenet_base512,positive_vs_negative,Cardiomegaly,Recall,0.2967741935483871
test_rad_results,densenet_base512,positive_vs_negative,Cardiomegaly,BER,0.4115884115884116
test_rad_results,densenet_base512,positive_vs_negative,Cardiomegaly,F1 Score,0.3786008230452675
test_rad_results,densenet_base512,positive_vs_negative,Consolidation,TP,12.0
test_rad_results,densenet_base512,positive_vs_negative,Consolidation,FP,45.0
test_rad_results,densenet_base512,positive_vs_negative,Consolidation,FN,17.0
test_rad_results,densenet_base512,positive_vs_negative,Consolidation,TN,444.0
test_rad_results,densenet_base512,positive_vs_negative,Consolidation,TPR,0.41379310344827586
test_rad_results,densenet_base512,positive_vs_negative,Consolidation,FPR,0.09202453987730061
test_rad_results,densenet_base512,positive_vs_negative,Consolidation,FNR,0.5862068965517241
test_rad_results,densenet_base512,positive_vs_negative,Consolidation,TNR,0.9079754601226994
test_rad_results,densenet_base512,positive_vs_negative,Consolidation,Precision,0.22413793103448276
test_rad_results,densenet_base512,positive_vs_negative,Consolidation,Recall,0.43333333333333335
test_rad_results,densenet_base512,positive_vs_negative,Consolidation,BER,0.33911571821451236
test_rad_results,densenet_base512,positive_vs_negative,Consolidation,F1 Score,0.29545454545454547
test_rad_results,densenet_base512,positive_vs_negative,Edema,TP,17.0
test_rad_results,densenet_base512,positive_vs_negative,Edema,FP,35.0
test_rad_results,densenet_base512,positive_vs_negative,Edema,FN,62.0
test_rad_results,densenet_base512,positive_vs_negative,Edema,TN,404.0
test_rad_results,densenet_base512,positive_vs_negative,Edema,TPR,0.21518987341772153
test_rad_results,densenet_base512,positive_vs_negative,Edema,FPR,0.07972665148063782
test_rad_results,densenet_base512,positive_vs_negative,Edema,FNR,0.7848101265822784
test_rad_results,densenet_base512,positive_vs_negative,Edema,TNR,0.9202733485193622
test_rad_results,densenet_base512,positive_vs_negative,Edema,Precision,0.33962264150943394
test_rad_results,densenet_base512,positive_vs_negative,Edema,Recall,0.225
test_rad_results,densenet_base512,positive_vs_negative,Edema,BER,0.43226838903145814
test_rad_results,densenet_base512,positive_vs_negative,Edema,F1 Score,0.2706766917293233
test_rad_results,densenet_base512,positive_vs_negative,Atelectasis,TP,8.0
test_rad_results,densenet_base512,positive_vs_negative,Atelectasis,FP,15.0
test_rad_results,densenet_base512,positive_vs_negative,Atelectasis,FN,150.0
test_rad_results,densenet_base512,positive_vs_negative,Atelectasis,TN,345.0
test_rad_results,densenet_base512,positive_vs_negative,Atelectasis,TPR,0.05063291139240506
test_rad_results,densenet_base512,positive_vs_negative,Atelectasis,FPR,0.041666666666666664
test_rad_results,densenet_base512,positive_vs_negative,Atelectasis,FNR,0.9493670886075949
test_rad_results,densenet_base512,positive_vs_negative,Atelectasis,TNR,0.9583333333333334
test_rad_results,densenet_base512,positive_vs_negative,Atelectasis,Precision,0.375
test_rad_results,densenet_base512,positive_vs_negative,Atelectasis,Recall,0.05660377358490566
test_rad_results,densenet_base512,positive_vs_negative,Atelectasis,BER,0.49551687763713076
test_rad_results,densenet_base512,positive_vs_negative,Atelectasis,F1 Score,0.09836065573770493
test_rad_results,densenet_base512,positive_vs_negative,Pleural Effusion,TP,49.0
test_rad_results,densenet_base512,positive_vs_negative,Pleural Effusion,FP,54.0
test_rad_results,densenet_base512,positive_vs_negative,Pleural Effusion,FN,56.0
test_rad_results,densenet_base512,positive_vs_negative,Pleural Effusion,TN,359.0
test_rad_results,densenet_base512,positive_vs_negative,Pleural Effusion,TPR,0.4666666666666667
test_rad_results,densenet_base512,positive_vs_negative,Pleural Effusion,FPR,0.13075060532687652
test_rad_results,densenet_base512,positive_vs_negative,Pleural Effusion,FNR,0.5333333333333333
test_rad_results,densenet_base512,positive_vs_negative,Pleural Effusion,TNR,0.8692493946731235
test_rad_results,densenet_base512,positive_vs_negative,Pleural Effusion,Precision,0.4807692307692308
test_rad_results,densenet_base512,positive_vs_negative,Pleural Effusion,Recall,0.4716981132075472
test_rad_results,densenet_base512,positive_vs_negative,Pleural Effusion,BER,0.33204196933010494
test_rad_results,densenet_base512,positive_vs_negative,Pleural Effusion,F1 Score,0.4761904761904762
test_rad_results,densenet_base512_enhanced,positive_vs_negative,Cardiomegaly,TP,1.0
test_rad_results,densenet_base512_enhanced,positive_vs_negative,Cardiomegaly,FP,2.0
test_rad_results,densenet_base512_enhanced,positive_vs_negative,Cardiomegaly,FN,153.0
test_rad_results,densenet_base512_enhanced,positive_vs_negative,Cardiomegaly,TN,362.0
test_rad_results,densenet_base512_enhanced,positive_vs_negative,Cardiomegaly,TPR,0.006493506493506494
test_rad_results,densenet_base512_enhanced,positive_vs_negative,Cardiomegaly,FPR,0.005494505494505495
test_rad_results,densenet_base512_enhanced,positive_vs_negative,Cardiomegaly,FNR,0.9935064935064936
test_rad_results,densenet_base512_enhanced,positive_vs_negative,Cardiomegaly,TNR,0.9945054945054945
test_rad_results,densenet_base512_enhanced,positive_vs_negative,Cardiomegaly,Precision,0.5
test_rad_results,densenet_base512_enhanced,positive_vs_negative,Cardiomegaly,Recall,0.012903225806451613
test_rad_results,densenet_base512_enhanced,positive_vs_negative,Cardiomegaly,BER,0.4995004995004995
test_rad_results,densenet_base512_enhanced,positive_vs_negative,Cardiomegaly,F1 Score,0.025157232704402514
test_rad_results,densenet_base512_enhanced,positive_vs_negative,Consolidation,TP,7.0
test_rad_results,densenet_base512_enhanced,positive_vs_negative,Consolidation,FP,62.0
test_rad_results,densenet_base512_enhanced,positive_vs_negative,Consolidation,FN,22.0
test_rad_results,densenet_base512_enhanced,positive_vs_negative,Consolidation,TN,427.0
test_rad_results,densenet_base512_enhanced,positive_vs_negative,Consolidation,TPR,0.2413793103448276
test_rad_results,densenet_base512_enhanced,positive_vs_negative,Consolidation,FPR,0.12678936605316973
test_rad_results,densenet_base512_enhanced,positive_vs_negative,Consolidation,FNR,0.7586206896551724
test_rad_results,densenet_base512_enhanced,positive_vs_negative,Consolidation,TNR,0.8732106339468303
test_rad_results,densenet_base512_enhanced,positive_vs_negative,Consolidation,Precision,0.11428571428571428
test_rad_results,densenet_base512_enhanced,positive_vs_negative,Consolidation,Recall,0.26666666666666666
test_rad_results,densenet_base512_enhanced,positive_vs_negative,Consolidation,BER,0.44270502785417104
test_rad_results,densenet_base512_enhanced,positive_vs_negative,Consolidation,F1 Score,0.16
test_rad_results,densenet_base512_enhanced,positive_vs_negative,Edema,TP,3.0
test_rad_results,densenet_base512_enhanced,positive_vs_negative,Edema,FP,7.0
test_rad_results,densenet_base512_enhanced,positive_vs_negative,Edema,FN,76.0
test_rad_results,densenet_base512_enhanced,positive_vs_negative,Edema,TN,432.0
test_rad_results,densenet_base512_enhanced,positive_vs_negative,Edema,TPR,0.0379746835443038
test_rad_results,densenet_base512_enhanced,positive_vs_negative,Edema,FPR,0.015945330296127564
test_rad_results,densenet_base512_enhanced,positive_vs_negative,Edema,FNR,0.9620253164556962
test_rad_results,densenet_base512_enhanced,positive_vs_negative,Edema,TNR,0.9840546697038725
test_rad_results,densenet_base512_enhanced,positive_vs_negative,Edema,Precision,0.36363636363636365
test_rad_results,densenet_base512_enhanced,positive_vs_negative,Edema,Recall,0.05
test_rad_results,densenet_base512_enhanced,positive_vs_negative,Edema,BER,0.4889853233759119
test_rad_results,densenet_base512_enhanced,positive_vs_negative,Edema,F1 Score,0.08791208791208792
test_rad_results,densenet_base512_enhanced,positive_vs_negative,Atelectasis,TP,3.0
test_rad_results,densenet_base512_enhanced,positive_vs_negative,Atelectasis,FP,12.0
test_rad_results,densenet_base512_enhanced,positive_vs_negative,Atelectasis,FN,155.0
test_rad_results,densenet_base512_enhanced,positive_vs_negative,Atelectasis,TN,348.0
test_rad_results,densenet_base512_enhanced,positive_vs_negative,Atelectasis,TPR,0.0189873417721519
test_rad_results,densenet_base512_enhanced,positive_vs_negative,Atelectasis,FPR,0.03333333333333333
test_rad_results,densenet_base512_enhanced,positive_vs_negative,Atelectasis,FNR,0.9810126582278481
test_rad_results,densenet_base512_enhanced,positive_vs_negative,Atelectasis,TNR,0.9666666666666667
test_rad_results,densenet_base512_enhanced,positive_vs_negative,Atelectasis,Precision,0.25
test_rad_results,densenet_base512_enhanced,positive_vs_negative,Atelectasis,Recall,0.025157232704402517
test_rad_results,densenet_base512_enhanced,positive_vs_negative,Atelectasis,BER,0.5071729957805907
test_rad_results,densenet_base512_enhanced,positive_vs_negative,Atelectasis,F1 Score,0.045714285714285714
test_rad_results,densenet_base512_enhanced,positive_vs_negative,Pleural Effusion,TP,58.0
test_rad_results,densenet_base512_enhanced,positive_vs_negative,Pleural Effusion,FP,62.0
test_rad_results,densenet_base512_enhanced,positive_vs_negative,Pleural Effusion,FN,47.0
test_rad_results,densenet_base512_enhanced,positive_vs_negative,Pleural Effusion,TN,351.0
test_rad_results,densenet_base512_enhanced,positive_vs_negative,Pleural Effusion,TPR,0.5523809523809524
test_rad_results,densenet_base512_enhanced,positive_vs_negative,Pleural Effusion,FPR,0.15012106537530268
test_rad_results,densenet_base512_enhanced,positive_vs_negative,Pleural Effusion,FNR,0.44761904761904764
test_rad_results,densenet_base512_enhanced,positive_vs_negative,Pleural Effusion,TNR,0.8498789346246973
test_rad_results,densenet_base512_enhanced,positive_vs_negative,Pleural Effusion,Precision,0.48760330578512395
test_rad_results,densenet_base512_enhanced,positive_vs_negative,Pleural Effusion,Recall,0.5566037735849056
test_rad_results,densenet_base512_enhanced,positive_vs_negative,Pleural Effusion,BER,0.29887005649717513
test_rad_results,densenet_base512_enhanced,positive_vs_negative,Pleural Effusion,F1 Score,0.5198237885462555
